ID,Date,Success,Distance,Fall Velocity,Pass Time,Source
6, - ,Reset Count, 6,,,EntgegenFangen_6.csv
33, - ,Reset Count,19.0,,,EntgegenFangen_33.csv
48, - ,Reset Count,5.0,,,EntgegenFangen_48.csv
31, - ,Reset Count,10.0,,,EntgegenFangen_31.csv
45, - ,Reset Count,24.0,,,EntgegenFangen_45.csv
41, - ,Reset Count,15.0,,,EntgegenFangen_41.csv
44, - ,Reset Count,19.0,,,EntgegenFangen_44.csv
34, - ,Reset Count,1.0,,,EntgegenFangen_34.csv
6, - ,Reset Count, 5,,,EntgegenFangen_6.csv
57, - ,Reset Count,4.0,,,EntgegenFangen_57.csv
59, - ,Reset Count,7.0,,,EntgegenFangen_59.csv
49, - ,Reset Count,5.0,,,EntgegenFangen_49.csv
54, - ,Reset Count,17.0,,,EntgegenFangen_54.csv
32, - ,Reset Count,10.0,,,EntgegenFangen_32.csv
41, - ,Reset Count,19.0,,,EntgegenFangen_41.csv
42, - ,Reset Count,7.0,,,EntgegenFangen_42.csv
56, - ,Reset Count,8.0,,,EntgegenFangen_56.csv
58, - ,Reset Count,2.0,,,EntgegenFangen_58.csv
35, - ,Reset Count,19.0,,,EntgegenFangen_35.csv
38, - ,Reset Count,9.0,,,EntgegenFangen_38.csv
33, - ,Reset Count,-1.0,,,EntgegenFangen_33.csv
50, - ,Reset Count,20.0,,,EntgegenFangen_50.csv
44, - ,Reset Count,8.0,,,EntgegenFangen_44.csv
53, - ,Reset Count,29.0,,,EntgegenFangen_53.csv
51, - ,Reset Count,4.0,,,EntgegenFangen_51.csv
48, - ,Reset Count, 19,,,EntgegenFangen_48.csv
45, - ,Reset Count,13.0,,,EntgegenFangen_45.csv
36, - ,Reset Count,14.0,,,EntgegenFangen_36.csv
27, - ,Reset Count,13.0,,,EntgegenFangen_27.csv
9, - ,Reset Count,12.0,,,EntgegenFangen_9.csv
37, - ,Reset Count, 4,,,EntgegenFangen_37.csv
22, - ,Reset Count,10.0,,,EntgegenFangen_22.csv
16, - ,Reset Count,22.0,,,EntgegenFangen_16.csv
1, - ,Reset Count,8.0,,,EntgegenFangen_1.csv
24, - ,Reset Count, 12,,,EntgegenFangen_24.csv
53, - ,Reset Count, 3,,,EntgegenFangen_53.csv
46, - ,Reset Count, 22,,,EntgegenFangen_46.csv
38, - ,Reset Count,7.0,,,EntgegenFangen_38.csv
30, - ,Reset Count,6.0,,,EntgegenFangen_30.csv
20, - ,Reset Count, 13,,,EntgegenFangen_20.csv
6, - ,Reset Count, 5,,,EntgegenFangen_6.csv
10, - ,Reset Count, 3,,,EntgegenFangen_10.csv
57, - ,Reset Count,10.0,,,EntgegenFangen_57.csv
55, - ,Reset Count,10.0,,,EntgegenFangen_55.csv
42, - ,Reset Count,18.0,,,EntgegenFangen_42.csv
30, - ,Reset Count,19.0,,,EntgegenFangen_30.csv
48, - ,Reset Count,20.0,,,EntgegenFangen_48.csv
47, - ,Reset Count,22.0,,,EntgegenFangen_47.csv
52, - ,Reset Count,1.0,,,EntgegenFangen_52.csv
60, - ,Reset Count,6.0,,,EntgegenFangen_60.csv
43, - ,Reset Count,9.0,,,EntgegenFangen_43.csv
55, - ,Reset Count,12.0,,,EntgegenFangen_55.csv
31, - ,Reset Count, 14,,,EntgegenFangen_31.csv
40, - ,Reset Count, 26,,,EntgegenFangen_40.csv
57, - ,Reset Count, 12,,,EntgegenFangen_57.csv
37, - ,Reset Count, 13,,,EntgegenFangen_37.csv
39, - ,Reset Count, 3,,,EntgegenFangen_39.csv
60, - ,Reset Count, 8,,,EntgegenFangen_60.csv
27, - ,Reset Count,18.0,,,EntgegenFangen_27.csv
20, - ,Reset Count,17.0,,,EntgegenFangen_20.csv
12, - ,Reset Count,-1.0,,,EntgegenFangen_12.csv
4, - ,Reset Count,15.0,,,EntgegenFangen_4.csv
22, - ,Reset Count,15.0,,,EntgegenFangen_22.csv
8, - ,Reset Count,11.0,,,EntgegenFangen_8.csv
14, - ,Reset Count,8.0,,,EntgegenFangen_14.csv
28, - ,Reset Count,20.0,,,EntgegenFangen_28.csv
26, - ,Reset Count,19.0,,,EntgegenFangen_26.csv
11, - ,Reset Count,8.0,,,EntgegenFangen_11.csv
2, - ,Reset Count,7.0,,,EntgegenFangen_2.csv
17, - ,Reset Count,15.0,,,EntgegenFangen_17.csv
21, - ,Reset Count,18.0,,,EntgegenFangen_21.csv
9, - ,Reset Count,3.0,,,EntgegenFangen_9.csv
13, - ,Reset Count,6.0,,,EntgegenFangen_13.csv
18, - ,Reset Count,1.0,,,EntgegenFangen_18.csv
24, - ,Reset Count,4.0,,,EntgegenFangen_24.csv
10, - ,Reset Count,3.0,,,EntgegenFangen_10.csv
1, - ,Reset Count,19.0,,,EntgegenFangen_1.csv
16, - ,Reset Count, 21,,,EntgegenFangen_16.csv
31, - ,Reset Count, 25,,,EntgegenFangen_31.csv
51, - ,Reset Count, 23,,,EntgegenFangen_51.csv
29, - ,Reset Count,2.0,,,EntgegenFangen_29.csv
47, - ,Reset Count,18.0,,,EntgegenFangen_47.csv
51, - ,Reset Count, 25,,,EntgegenFangen_51.csv
49, - ,Reset Count,4.0,,,EntgegenFangen_49.csv
29, - ,Reset Count,2.0,,,EntgegenFangen_29.csv
39, - ,Reset Count,3.0,,,EntgegenFangen_39.csv
40, - ,Reset Count,22.0,,,EntgegenFangen_40.csv
43, - ,Reset Count,9.0,,,EntgegenFangen_43.csv
60, - ,Reset Count,5.0,,,EntgegenFangen_60.csv
37, - ,Reset Count,11.0,,,EntgegenFangen_37.csv
35, - ,Reset Count,21.0,,,EntgegenFangen_35.csv
53, - ,Reset Count,23.0,,,EntgegenFangen_53.csv
45, - ,Reset Count,18.0,,,EntgegenFangen_45.csv
59, - ,Reset Count, 8,,,EntgegenFangen_59.csv
36, - ,Reset Count,24.0,,,EntgegenFangen_36.csv
56, - ,Reset Count,14.0,,,EntgegenFangen_56.csv
46, - ,Reset Count,32.0,,,EntgegenFangen_46.csv
36, - ,Reset Count,14.0,,,EntgegenFangen_36.csv
50, - ,Reset Count,26.0,,,EntgegenFangen_50.csv
33, - ,Reset Count,21.0,,,EntgegenFangen_33.csv
55, - ,Reset Count,10.0,,,EntgegenFangen_55.csv
52, - ,Reset Count,1.0,,,EntgegenFangen_52.csv
44, - ,Reset Count,22.0,,,EntgegenFangen_44.csv
32, - ,Reset Count,19.0,,,EntgegenFangen_32.csv
54, - ,Reset Count,20.0,,,EntgegenFangen_54.csv
42, - ,Reset Count,6.0,,,EntgegenFangen_42.csv
41, - ,Reset Count,18.0,,,EntgegenFangen_41.csv
56, - ,Reset Count,18.0,,,EntgegenFangen_56.csv
23, - ,Reset Count, 8,,,EntgegenFangen_23.csv
39, - ,Reset Count,4.0,,,EntgegenFangen_39.csv
24, - ,Reset Count,8.0,,,EntgegenFangen_24.csv
33, - ,Reset Count, 21,,,EntgegenFangen_33.csv
55, - ,Reset Count, 4,,,EntgegenFangen_55.csv
54, - ,Reset Count, 17,,,EntgegenFangen_54.csv
45, - ,Reset Count, 18,,,EntgegenFangen_45.csv
49, - ,Reset Count,4.0,,,EntgegenFangen_49.csv
29, - ,Reset Count,1.0,,,EntgegenFangen_29.csv
31, - ,Reset Count,24.0,,,EntgegenFangen_31.csv
41, - ,Reset Count,21.0,,,EntgegenFangen_41.csv
57, - ,Reset Count,16.0,,,EntgegenFangen_57.csv
58, - ,Reset Count,4.0,,,EntgegenFangen_58.csv
12, - ,Reset Count,34.0,,,EntgegenFangen_12.csv
32, - ,Reset Count,-1.0,,,EntgegenFangen_32.csv
50, - ,Reset Count,23.0,,,EntgegenFangen_50.csv
37, - ,Reset Count,7.0,,,EntgegenFangen_37.csv
59, - ,Reset Count,10.0,,,EntgegenFangen_59.csv
36, - ,Reset Count,-1.0,,,EntgegenFangen_36.csv
21, - ,Reset Count,13.0,,,EntgegenFangen_21.csv
7, - ,Reset Count,3.0,,,EntgegenFangen_7.csv
14, - ,Reset Count,10.0,,,EntgegenFangen_14.csv
2, - ,Reset Count,3.0,,,EntgegenFangen_2.csv
35, - ,Reset Count,11.0,,,EntgegenFangen_35.csv
46, - ,Reset Count,32.0,,,EntgegenFangen_46.csv
51, - ,Reset Count,15.0,,,EntgegenFangen_51.csv
40, - ,Reset Count,23.0,,,EntgegenFangen_40.csv
19, - ,Reset Count,10.0,,,EntgegenFangen_19.csv
4, - ,Reset Count,14.0,,,EntgegenFangen_4.csv
26, - ,Reset Count,21.0,,,EntgegenFangen_26.csv
23, - ,Reset Count, 10,,,EntgegenFangen_23.csv
9, - ,Reset Count, 10,,,EntgegenFangen_9.csv
18, - ,Reset Count,1.0,,,EntgegenFangen_18.csv
16, - ,Reset Count,25.0,,,EntgegenFangen_16.csv
28, - ,Reset Count,25.0,,,EntgegenFangen_28.csv
8, - ,Reset Count,8.0,,,EntgegenFangen_8.csv
21, - ,Reset Count,25.0,,,EntgegenFangen_21.csv
1, - ,Reset Count,12.0,,,EntgegenFangen_1.csv
13, - ,Reset Count,9.0,,,EntgegenFangen_13.csv
22, - ,Reset Count,19.0,,,EntgegenFangen_22.csv
23, - ,Reset Count,9.0,,,EntgegenFangen_23.csv
26, - ,Reset Count,11.0,,,EntgegenFangen_26.csv
5, - ,Reset Count,1.0,,,EntgegenFangen_5.csv
2, - ,Reset Count,8.0,,,EntgegenFangen_2.csv
14, - ,Reset Count,11.0,,,EntgegenFangen_14.csv
20, - ,Reset Count,10.0,,,EntgegenFangen_20.csv
13, - ,Reset Count,15.0,,,EntgegenFangen_13.csv
12, - ,Reset Count,32.0,,,EntgegenFangen_12.csv
3, - ,Reset Count,-1.0,,,EntgegenFangen_3.csv
27, - ,Reset Count,22.0,,,EntgegenFangen_27.csv
17, - ,Reset Count,17.0,,,EntgegenFangen_17.csv
7, - ,Reset Count,22.0,,,EntgegenFangen_7.csv
11, - ,Reset Count,18.0,,,EntgegenFangen_11.csv
18, - ,Reset Count,1.0,,,EntgegenFangen_18.csv
11, - ,Reset Count,2.0,,,EntgegenFangen_11.csv
8, - ,Reset Count,12.0,,,EntgegenFangen_8.csv
44, - ,Reset Count,18.0,,,EntgegenFangen_44.csv
47, - ,Reset Count,28.0,,,EntgegenFangen_47.csv
38, - ,Reset Count,9.0,,,EntgegenFangen_38.csv
43, - ,Reset Count,18.0,,,EntgegenFangen_43.csv
53, - ,Reset Count,16.0,,,EntgegenFangen_53.csv
28, - ,Reset Count,12.0,,,EntgegenFangen_28.csv
60, - ,Reset Count,8.0,,,EntgegenFangen_60.csv
4, - ,Reset Count,9.0,,,EntgegenFangen_4.csv
48, - ,Reset Count,11.0,,,EntgegenFangen_48.csv
1, 2025-02-12 10:14:27, Reset Count,4.0,,,EntgegenFangen.csv
1, 2025-02-12 10:14:27, False,1.37,0.0,1.5,EntgegenFangen.csv
1, 2025-02-12 10:14:27, False,0.96,0.0,1.5,EntgegenFangen.csv
1, 2025-02-12 10:14:27, False,0.9,0.0,1.5,EntgegenFangen.csv
1, 2025-02-12 10:14:27, False,0.45,0.0,1.5,EntgegenFangen.csv
5, 2025-02-12 10:21:57, Reset Count, 3,,,EntgegenFangen.csv
5, 2025-02-12 10:21:57, True," 0,54"," 0,00"," 1,50",EntgegenFangen.csv
5, 2025-02-12 10:21:57, False," 8,91"," 0,00"," 1,50",EntgegenFangen.csv
5, 2025-02-12 10:21:57, False," 1,95"," 0,00"," 1,50",EntgegenFangen.csv
5, 2025-02-12 10:21:57, False," 4,34"," 0,00"," 1,50",EntgegenFangen.csv
6, 2025-02-12 10:23:37, False,0.25,0.0,1.5,EntgegenFangen.csv
6, 2025-02-12 10:23:37, False,0.44,0.0,1.5,EntgegenFangen.csv
6, 2025-02-12 10:23:37, False,4.55,0.0,1.5,EntgegenFangen.csv
6, 2025-02-12 10:23:37, False,1.62,0.0,1.5,EntgegenFangen.csv
6, 2025-02-12 10:23:37, False,1.68,0.0,1.5,EntgegenFangen.csv
6, 2025-02-12 10:23:37, False,1.12,0.0,1.5,EntgegenFangen.csv
6, 2025-02-12 10:23:37, Reset Count,4.0,,,EntgegenFangen.csv
6, 2025-02-12 10:23:37, False,0.89,0.0,1.5,EntgegenFangen.csv
6, 2025-02-12 10:23:37, False,1.03,0.0,1.5,EntgegenFangen.csv
6, 2025-02-12 10:23:37, False,0.37,0.0,1.5,EntgegenFangen.csv
6, 2025-02-12 10:23:37, True,1.03,0.0,1.5,EntgegenFangen.csv
6, 2025-02-12 10:23:37, False,0.25,0.0,1.5,EntgegenFangen.csv
7, 2025-02-12 10:26:06, Reset Count,1.0,,,EntgegenFangen.csv
7, 2025-02-12 10:26:06, False,0.99,0.0,1.5,EntgegenFangen.csv
7, 2025-02-12 10:26:06, False,2.06,0.0,1.5,EntgegenFangen.csv
1, 2025-02-12 10:30:12, Reset Count,2.0,,,EntgegenFangen.csv
12, 2025-02-12 10:41:16, False,0.41,0.0,1.5,EntgegenFangen.csv
12, 2025-02-12 10:41:16, False,0.73,0.0,1.5,EntgegenFangen.csv
12, 2025-02-12 10:41:16, False,1.78,0.0,1.5,EntgegenFangen.csv
12, 2025-02-12 10:41:16, False,3.53,0.0,1.5,EntgegenFangen.csv
12, 2025-02-12 10:41:16, Reset Count,17.0,,,EntgegenFangen.csv
3, 2025-02-12 10:42:43, Reset Count,6.0,,,EntgegenFangen.csv
10, 2025-02-12 10:43:53, Reset Count, 1,,,EntgegenFangen.csv
13, 2025-02-12 10:43:54, False,4.16,0.0,1.5,EntgegenFangen.csv
13, 2025-02-12 10:43:54, False,1.06,0.0,1.5,EntgegenFangen.csv
13, 2025-02-12 10:43:54, False,2.42,0.0,1.5,EntgegenFangen.csv
13, 2025-02-12 10:43:54, False,0.14,0.0,1.5,EntgegenFangen.csv
13, 2025-02-12 10:43:54, False,0.91,0.0,1.5,EntgegenFangen.csv
13, 2025-02-12 10:43:54, False,0.46,0.0,1.5,EntgegenFangen.csv
13, 2025-02-12 10:43:54, False,0.5,0.0,1.5,EntgegenFangen.csv
13, 2025-02-12 10:43:54, False,0.19,0.0,1.5,EntgegenFangen.csv
13, 2025-02-12 10:43:54, False,0.95,0.0,1.5,EntgegenFangen.csv
13, 2025-02-12 10:43:54, Reset Count,1.0,,,EntgegenFangen.csv
13, 2025-02-12 10:43:54, False,4.89,0.0,1.5,EntgegenFangen.csv
3, 2025-02-12 10:59:18, False,0.75,0.0,1.5,EntgegenFangen.csv
3, 2025-02-12 10:59:18, False,0.95,0.0,1.5,EntgegenFangen.csv
3, 2025-02-12 10:59:18, False,0.85,0.0,1.5,EntgegenFangen.csv
3, 2025-02-12 10:59:18, False,1.1,0.0,1.5,EntgegenFangen.csv
3, 2025-02-12 10:59:18, False,0.48,0.0,1.5,EntgegenFangen.csv
3, 2025-02-12 10:59:18, Reset Count,13.0,,,EntgegenFangen.csv
3, 2025-02-12 10:59:18, False,0.68,0.0,1.5,EntgegenFangen.csv
3, 2025-02-12 10:59:18, False,0.25,0.0,1.5,EntgegenFangen.csv
3, 2025-02-12 10:59:18, False,0.98,0.0,1.5,EntgegenFangen.csv
3, 2025-02-12 10:59:18, True,1.71,0.0,1.5,EntgegenFangen.csv
3, 2025-02-12 10:59:18, False,0.17,0.0,1.5,EntgegenFangen.csv
3, 2025-02-12 10:59:18, False,0.84,0.0,1.5,EntgegenFangen.csv
18, 2025-02-12 11:02:59, False," 0,01"," 0,00"," 1,50",EntgegenFangen.csv
18, 2025-02-12 11:02:59, False," 1,21"," 0,00"," 1,50",EntgegenFangen.csv
18, 2025-02-12 11:02:59, Reset Count, 2,,,EntgegenFangen.csv
23, 2025-02-12 11:06:08, False,0.46,0.0,1.5,EntgegenFangen.csv
23, 2025-02-12 11:06:08, False,0.22,0.0,1.5,EntgegenFangen.csv
23, 2025-02-12 11:06:08, Reset Count,7.0,,,EntgegenFangen.csv
23, 2025-02-12 11:06:08, False,0.43,0.0,1.5,EntgegenFangen.csv
23, 2025-02-12 11:06:08, False,0.61,0.0,1.5,EntgegenFangen.csv
23, 2025-02-12 11:06:08, False,0.25,0.0,1.5,EntgegenFangen.csv
23, 2025-02-12 11:06:08, False,1.48,0.0,1.5,EntgegenFangen.csv
23, 2025-02-12 11:06:08, False,0.62,0.0,1.5,EntgegenFangen.csv
23, 2025-02-12 11:06:08, False,2.24,0.0,1.5,EntgegenFangen.csv
23, 2025-02-12 11:06:08, False,1.25,0.0,1.5,EntgegenFangen.csv
20, 2025-02-12 11:07:40, Reset Count,14.0,,,EntgegenFangen.csv
20, 2025-02-12 11:07:40, False,3.03,0.0,1.5,EntgegenFangen.csv
20, 2025-02-12 11:07:40, False,7.35,0.0,1.5,EntgegenFangen.csv
20, 2025-02-12 11:07:40, False,2.26,0.0,1.5,EntgegenFangen.csv
21, 2025-02-12 11:13:10, Reset Count,3.0,,,EntgegenFangen.csv
21, 2025-02-12 11:13:10, False,0.23,0.0,1.5,EntgegenFangen.csv
26, 2025-02-12 11:20:11, False," 3,49"," 0,00"," 1,50",EntgegenFangen.csv
26, 2025-02-12 11:20:11, False," 0,67"," 0,00"," 1,50",EntgegenFangen.csv
26, 2025-02-12 11:20:11, False," 0,32"," 0,00"," 1,50",EntgegenFangen.csv
26, 2025-02-12 11:20:11, Reset Count, 26,,,EntgegenFangen.csv
26, 2025-02-12 11:20:11, True," 4,40"," 0,00"," 1,50",EntgegenFangen.csv
24, 2025-02-12 11:21:52, Reset Count,1.0,,,EntgegenFangen.csv
27, 2025-02-12 11:22:47, Reset Count,8.0,,,EntgegenFangen.csv
27, 2025-02-12 11:22:47, False,1.14,0.0,1.5,EntgegenFangen.csv
27, 2025-02-12 11:22:47, False,0.92,0.0,1.5,EntgegenFangen.csv
27, 2025-02-12 11:22:47, False,9.06,0.0,1.5,EntgegenFangen.csv
27, 2025-02-12 11:22:47, False,0.1,0.0,1.5,EntgegenFangen.csv
27, 2025-02-12 11:22:47, False,1.39,0.0,1.5,EntgegenFangen.csv
27, 2025-02-12 11:22:47, False,0.7,0.0,1.5,EntgegenFangen.csv
2, 2025-02-12 19:14:07, False,0.29,0.0,1.5,EntgegenFangen.csv
2, 2025-02-12 19:14:07, False,0.58,0.0,1.5,EntgegenFangen.csv
2, 2025-02-12 19:14:07, False,0.93,0.0,1.5,EntgegenFangen.csv
2, 2025-02-12 19:14:07, False,0.58,0.0,1.5,EntgegenFangen.csv
2, 2025-02-12 19:14:07, False,0.76,0.0,1.5,EntgegenFangen.csv
2, 2025-02-12 19:14:07, False,0.15,0.0,1.5,EntgegenFangen.csv
2, 2025-02-12 19:14:07, False,0.18,0.0,1.5,EntgegenFangen.csv
2, 2025-02-12 19:14:07, False,6.47,0.0,1.5,EntgegenFangen.csv
2, 2025-02-12 19:14:07, False,2.4,0.0,1.5,EntgegenFangen.csv
2, 2025-02-12 19:14:07, False,1.9,0.0,1.5,EntgegenFangen.csv
2, 2025-02-12 19:14:07, False,0.71,0.0,1.5,EntgegenFangen.csv
2, 2025-02-12 19:14:07, False,0.23,0.0,1.5,EntgegenFangen.csv
2, 2025-02-12 19:14:07, False,0.23,0.0,1.5,EntgegenFangen.csv
2, 2025-02-12 19:14:07, Reset Count,5.0,,,EntgegenFangen.csv
4, 2025-02-12 19:18:04, False,1.01,0.0,1.5,EntgegenFangen.csv
4, 2025-02-12 19:18:04, False,0.08,0.0,1.5,EntgegenFangen.csv
4, 2025-02-12 19:18:04, False,1.08,0.0,1.5,EntgegenFangen.csv
4, 2025-02-12 19:18:04, False,1.45,0.0,1.5,EntgegenFangen.csv
4, 2025-02-12 19:18:04, False,0.19,0.0,1.5,EntgegenFangen.csv
4, 2025-02-12 19:18:04, False,1.43,0.0,1.5,EntgegenFangen.csv
4, 2025-02-12 19:18:04, Reset Count,5.0,,,EntgegenFangen.csv
8, 2025-02-12 19:28:58, False,1.04,0.0,1.5,EntgegenFangen.csv
8, 2025-02-12 19:28:58, True,0.48,0.0,1.5,EntgegenFangen.csv
8, 2025-02-12 19:28:58, False,2.74,0.0,1.5,EntgegenFangen.csv
8, 2025-02-12 19:28:58, Reset Count,9.0,,,EntgegenFangen.csv
8, 2025-02-12 19:28:58, False,0.48,0.0,1.5,EntgegenFangen.csv
8, 2025-02-12 19:28:58, False,2.44,0.0,1.5,EntgegenFangen.csv
8, 2025-02-12 19:28:58, False,1.67,0.0,1.5,EntgegenFangen.csv
8, 2025-02-12 19:28:58, False,1.73,0.0,1.5,EntgegenFangen.csv
9, 2025-02-12 19:34:25, Reset Count,9.0,,,EntgegenFangen.csv
9, 2025-02-12 19:34:25, False,2.78,0.0,1.5,EntgegenFangen.csv
9, 2025-02-12 19:34:25, False,0.97,0.0,1.5,EntgegenFangen.csv
9, 2025-02-12 19:34:25, False,1.54,0.0,1.5,EntgegenFangen.csv
9, 2025-02-12 19:34:25, False,0.32,0.0,1.5,EntgegenFangen.csv
9, 2025-02-12 19:34:25, True,1.9,0.0,1.5,EntgegenFangen.csv
9, 2025-02-12 19:34:25, False,4.58,0.0,1.5,EntgegenFangen.csv
9, 2025-02-12 19:34:25, False,4.02,0.0,1.5,EntgegenFangen.csv
9, 2025-02-12 19:34:25, False,0.34,0.0,1.5,EntgegenFangen.csv
9, 2025-02-12 19:34:25, False,1.27,0.0,1.5,EntgegenFangen.csv
16, 2025-02-12 19:44:27, True,0.8,0.0,1.5,EntgegenFangen.csv
16, 2025-02-12 19:44:27, Reset Count,22.0,,,EntgegenFangen.csv
16, 2025-02-12 19:44:27, False,0.82,0.0,1.5,EntgegenFangen.csv
16, 2025-02-12 19:44:27, False,1.24,0.0,1.5,EntgegenFangen.csv
16, 2025-02-12 19:44:27, False,1.24,0.0,1.5,EntgegenFangen.csv
16, 2025-02-12 19:44:27, False,0.54,0.0,1.5,EntgegenFangen.csv
16, 2025-02-12 19:44:27, False,0.72,0.0,1.5,EntgegenFangen.csv
16, 2025-02-12 19:44:27, False,1.1,0.0,1.5,EntgegenFangen.csv
25, 2025-02-12 20:09:58, True,0.3,0.0,1.5,EntgegenFangen.csv
25, 2025-02-12 20:09:58, False,7.15,0.0,1.5,EntgegenFangen.csv
25, 2025-02-12 20:09:58, False,0.24,0.0,1.5,EntgegenFangen.csv
25, 2025-02-12 20:09:58, False,2.41,0.0,1.5,EntgegenFangen.csv
25, 2025-02-12 20:09:58, Reset Count,5.0,,,EntgegenFangen.csv
25, 2025-02-12 20:09:58, False,0.97,0.0,1.5,EntgegenFangen.csv
28, 2025-02-12 20:12:24, False,0.13,0.0,1.5,EntgegenFangen.csv
28, 2025-02-12 20:12:24, False,0.11,0.0,1.5,EntgegenFangen.csv
28, 2025-02-12 20:12:24, Reset Count,18.0,,,EntgegenFangen.csv
28, 2025-02-12 20:12:24, False,0.33,0.0,1.5,EntgegenFangen.csv
28, 2025-02-12 20:12:24, False,0.64,0.0,1.5,EntgegenFangen.csv
28, 2025-02-12 20:12:24, False,0.63,0.0,1.5,EntgegenFangen.csv
28, 2025-02-12 20:12:24, False,0.29,0.0,1.5,EntgegenFangen.csv
28, 2025-02-12 20:12:24, False,0.08,0.0,1.5,EntgegenFangen.csv
28, 2025-02-12 20:12:24, False,1.53,0.0,1.5,EntgegenFangen.csv
30, 2025-02-13 08:25:42, False,0.2,0.0,1.5,EntgegenFangen_30.csv
30, 2025-02-13 08:26:26, False,1.29,0.0,1.5,EntgegenFangen_30.csv
30, 2025-02-13 08:26:54, False,7.58,0.0,1.5,EntgegenFangen_30.csv
31, 2025-02-13 08:27:02, False,0.9,0.0,1.5,EntgegenFangen_31.csv
30, 2025-02-13 08:27:04, False,2.56,0.0,1.5,EntgegenFangen_30.csv
31, 2025-02-13 08:27:14, False,1.05,0.0,1.5,EntgegenFangen_31.csv
30, 2025-02-13 08:27:24, False,2.27,0.0,1.5,EntgegenFangen_30.csv
31, 2025-02-13 08:27:31, False,0.29,0.0,1.5,EntgegenFangen_31.csv
30, 2025-02-13 08:27:34, False,0.87,0.0,1.5,EntgegenFangen_30.csv
30, 2025-02-13 08:27:43, False,3.29,0.0,1.5,EntgegenFangen_30.csv
31, 2025-02-13 08:27:45, False,1.43,0.0,1.5,EntgegenFangen_31.csv
30, 2025-02-13 08:27:55, False,2.98,0.0,1.5,EntgegenFangen_30.csv
31, 2025-02-13 08:28:15, False,1.27,0.0,1.5,EntgegenFangen_31.csv
32, 2025-02-13 08:28:16, False,1.81,0.0,1.5,EntgegenFangen_32.csv
32, 2025-02-13 08:28:46, False,0.63,0.0,1.5,EntgegenFangen_32.csv
31, 2025-02-13 08:28:50, False,0.41,0.0,1.5,EntgegenFangen_31.csv
31, 2025-02-13 08:28:59, False,0.66,0.0,1.5,EntgegenFangen_31.csv
32, 2025-02-13 08:29:10, False,1.64,0.0,1.5,EntgegenFangen_32.csv
31, 2025-02-13 08:29:16, False,0.17,0.0,1.5,EntgegenFangen_31.csv
32, 2025-02-13 08:29:40, False,2.12,0.0,1.5,EntgegenFangen_32.csv
32, 2025-02-13 08:30:17, True,3.31,0.0,1.5,EntgegenFangen_32.csv
37, 2025-02-13 08:30:27, False," 4,07"," 0,00"," 1,50",EntgegenFangen_37.csv
37, 2025-02-13 08:30:36, False," 0,03"," 0,00"," 1,50",EntgegenFangen_37.csv
37, 2025-02-13 08:30:47, False," 1,29"," 0,00"," 1,50",EntgegenFangen_37.csv
36, 2025-02-13 08:31:17, False,3.71,0.0,1.5,EntgegenFangen_36.csv
37, 2025-02-13 08:31:18, False," 2,93"," 0,00"," 1,50",EntgegenFangen_37.csv
37, 2025-02-13 08:31:34, False," 8,13"," 0,00"," 1,50",EntgegenFangen_37.csv
37, 2025-02-13 08:31:48, False," 0,19"," 0,00"," 1,50",EntgegenFangen_37.csv
36, 2025-02-13 08:31:53, False,0.67,0.0,1.5,EntgegenFangen_36.csv
33, 2025-02-13 08:32:00, False,-1.0,-1.0,-1.0,EntgegenFangen_33.csv
36, 2025-02-13 08:32:14, False,0.59,0.0,1.5,EntgegenFangen_36.csv
37, 2025-02-13 08:32:16, False," 2,81"," 0,00"," 1,50",EntgegenFangen_37.csv
36, 2025-02-13 08:32:33, False,0.13,0.0,1.5,EntgegenFangen_36.csv
36, 2025-02-13 08:32:40, False,0.28,0.0,1.5,EntgegenFangen_36.csv
36, 2025-02-13 08:32:53, False,0.64,0.0,1.5,EntgegenFangen_36.csv
38, 2025-02-13 08:41:24, False,2.12,0.0,1.5,EntgegenFangen_38.csv
38, 2025-02-13 08:41:49, False,1.03,0.0,1.5,EntgegenFangen_38.csv
38, 2025-02-13 08:42:32, False,0.1,0.0,1.5,EntgegenFangen_38.csv
41, 2025-02-13 08:42:37, False,3.52,0.0,1.5,EntgegenFangen_41.csv
41, 2025-02-13 08:42:44, False,1.44,0.0,1.5,EntgegenFangen_41.csv
38, 2025-02-13 08:43:02, False,7.96,0.0,1.5,EntgegenFangen_38.csv
41, 2025-02-13 08:43:53, False,0.9,0.0,1.5,EntgegenFangen_41.csv
42, 2025-02-13 08:44:50, False,1.45,0.0,1.5,EntgegenFangen_42.csv
44, 2025-02-13 08:45:21, False,0.02,0.0,1.5,EntgegenFangen_44.csv
44, 2025-02-13 08:45:43, True,0.13,0.0,1.5,EntgegenFangen_44.csv
44, 2025-02-13 08:45:50, True,1.19,0.0,1.5,EntgegenFangen_44.csv
44, 2025-02-13 08:46:02, False,4.56,0.0,1.5,EntgegenFangen_44.csv
44, 2025-02-13 08:46:48, False,2.03,0.0,1.5,EntgegenFangen_44.csv
45, 2025-02-13 08:46:50, False,2.67,0.0,1.5,EntgegenFangen_45.csv
45, 2025-02-13 08:47:20, False,2.56,0.0,1.5,EntgegenFangen_45.csv
45, 2025-02-13 08:47:53, False,0.27,0.0,1.5,EntgegenFangen_45.csv
45, 2025-02-13 08:48:10, False,1.11,0.0,1.5,EntgegenFangen_45.csv
45, 2025-02-13 08:48:27, False,0.77,0.0,1.5,EntgegenFangen_45.csv
46, 2025-02-13 08:49:23, False," 0,58"," 0,00"," 1,50",EntgegenFangen_46.csv
47, 2025-02-13 08:55:18, False,0.19,0.0,1.5,EntgegenFangen_47.csv
47, 2025-02-13 08:56:09, False,0.11,0.0,1.5,EntgegenFangen_47.csv
47, 2025-02-13 08:56:32, False,0.36,0.0,1.5,EntgegenFangen_47.csv
49, 2025-02-13 08:56:42, False,0.23,0.0,1.5,EntgegenFangen_49.csv
49, 2025-02-13 08:56:54, False,0.61,0.0,1.5,EntgegenFangen_49.csv
47, 2025-02-13 08:57:05, False,0.37,0.0,1.5,EntgegenFangen_47.csv
49, 2025-02-13 08:57:14, False,1.27,0.0,1.5,EntgegenFangen_49.csv
47, 2025-02-13 08:57:17, False,1.29,0.0,1.5,EntgegenFangen_47.csv
47, 2025-02-13 08:57:29, False,0.82,0.0,1.5,EntgegenFangen_47.csv
49, 2025-02-13 08:58:13, True,3.58,0.0,1.5,EntgegenFangen_49.csv
49, 2025-02-13 08:58:33, False,2.13,0.0,1.5,EntgegenFangen_49.csv
49, 2025-02-13 08:59:00, False,1.65,0.0,1.5,EntgegenFangen_49.csv
48, 2025-02-13 08:59:52, False,8.32,0.0,1.5,EntgegenFangen_48.csv
48, 2025-02-13 09:00:35, False,2.71,0.0,1.5,EntgegenFangen_48.csv
48, 2025-02-13 09:01:21, False,3.11,0.0,1.5,EntgegenFangen_48.csv
50, 2025-02-13 09:01:36, False,2.15,0.0,1.5,EntgegenFangen_50.csv
50, 2025-02-13 09:02:24, False,1.47,0.0,1.5,EntgegenFangen_50.csv
51, 2025-02-13 09:03:00, False,0.94,0.0,1.5,EntgegenFangen_51.csv
51, 2025-02-13 09:03:11, False,2.06,0.0,1.5,EntgegenFangen_51.csv
51, 2025-02-13 09:03:31, False,3.95,0.0,1.5,EntgegenFangen_51.csv
51, 2025-02-13 09:03:56, False,3.14,0.0,1.5,EntgegenFangen_51.csv
53, 2025-02-13 09:06:54, False," 0,01"," 0,00"," 1,50",EntgegenFangen_53.csv
53, 2025-02-13 09:07:04, False," 1,08"," 0,00"," 1,50",EntgegenFangen_53.csv
56, 2025-02-13 09:10:58, False,0.7,0.0,1.5,EntgegenFangen_56.csv
55, 2025-02-13 09:11:47, False,0.69,0.0,1.5,EntgegenFangen_55.csv
56, 2025-02-13 09:12:13, False,0.64,0.0,1.5,EntgegenFangen_56.csv
55, 2025-02-13 09:12:34, False,1.29,0.0,1.5,EntgegenFangen_55.csv
55, 2025-02-13 09:12:42, False,0.97,0.0,1.5,EntgegenFangen_55.csv
55, 2025-02-13 09:12:47, False,8.24,0.0,1.5,EntgegenFangen_55.csv
55, 2025-02-13 09:13:00, False,1.06,0.0,1.5,EntgegenFangen_55.csv
56, 2025-02-13 09:13:11, False,0.04,0.0,1.5,EntgegenFangen_56.csv
57, 2025-02-13 09:14:42, False,1.66,0.0,1.5,EntgegenFangen_57.csv
57, 2025-02-13 09:15:04, False,0.84,0.0,1.5,EntgegenFangen_57.csv
57, 2025-02-13 09:17:08, False,0.82,0.0,1.5,EntgegenFangen_57.csv
57, 2025-02-13 09:17:15, False,0.61,0.0,1.5,EntgegenFangen_57.csv
58, 2025-02-13 09:17:35, False,2.83,0.0,1.5,EntgegenFangen_58.csv
58, 2025-02-13 09:17:46, False,1.12,0.0,1.5,EntgegenFangen_58.csv
58, 2025-02-13 09:17:57, True,2.76,0.0,1.5,EntgegenFangen_58.csv
58, 2025-02-13 09:18:11, False,0.08,0.0,1.5,EntgegenFangen_58.csv
58, 2025-02-13 09:18:43, False,6.96,0.0,1.5,EntgegenFangen_58.csv
58, 2025-02-13 09:18:59, False,3.74,0.0,1.5,EntgegenFangen_58.csv
60, 2025-02-13 09:19:03, False,0.15,0.0,1.5,EntgegenFangen_60.csv
58, 2025-02-13 09:19:25, True,8.5,0.0,1.5,EntgegenFangen_58.csv
58, 2025-02-13 09:19:36, False,0.97,0.0,1.5,EntgegenFangen_58.csv
60, 2025-02-13 09:20:16, False,1.05,0.0,1.5,EntgegenFangen_60.csv
60, 2025-02-13 09:20:32, False,8.29,0.0,1.5,EntgegenFangen_60.csv
60, 2025-02-13 09:21:04, False,0.08,0.0,1.5,EntgegenFangen_60.csv
60, 2025-02-13 09:21:21, False,0.04,0.0,1.5,EntgegenFangen_60.csv
60, 2025-02-13 09:21:42, False,0.09,0.0,1.5,EntgegenFangen_60.csv
59, 2025-02-13 09:24:38, False," 1,21"," 0,00"," 1,50",EntgegenFangen_59.csv
59, 2025-02-13 09:24:51, False," 0,64"," 0,00"," 1,50",EntgegenFangen_59.csv
59, 2025-02-13 09:25:06, False," 0,72"," 0,00"," 1,50",EntgegenFangen_59.csv
59, 2025-02-13 09:25:23, False," 0,31"," 0,00"," 1,50",EntgegenFangen_59.csv
59, 2025-02-13 09:26:05, False," 0,04"," 0,00"," 1,50",EntgegenFangen_59.csv
59, 2025-02-13 09:26:19, False," 0,08"," 0,00"," 1,50",EntgegenFangen_59.csv
59, 2025-02-13 09:26:30, False," 0,53"," 0,00"," 1,50",EntgegenFangen_59.csv
59, 2025-02-13 09:26:53, False," 0,22"," 0,00"," 1,50",EntgegenFangen_59.csv
2, 2025-02-19 10:04:49, False,0.36,0.0,1.5,EntgegenFangen_2.csv
2, 2025-02-19 10:05:00, False,1.41,0.0,1.5,EntgegenFangen_2.csv
2, 2025-02-19 10:05:13, False,1.98,0.0,1.5,EntgegenFangen_2.csv
2, 2025-02-19 10:05:28, False,2.34,0.0,1.5,EntgegenFangen_2.csv
2, 2025-02-19 10:05:34, False,1.94,0.0,1.5,EntgegenFangen_2.csv
2, 2025-02-19 10:05:45, False,5.84,0.0,1.5,EntgegenFangen_2.csv
2, 2025-02-19 10:05:54, False,0.44,0.0,1.5,EntgegenFangen_2.csv
2, 2025-02-19 10:06:07, False,0.98,0.0,1.5,EntgegenFangen_2.csv
1, 2025-02-19 10:06:07, True,0.88,0.0,1.5,EntgegenFangen_1.csv
1, 2025-02-19 10:06:17, True,0.33,0.0,1.5,EntgegenFangen_1.csv
2, 2025-02-19 10:06:17, False,0.48,0.0,1.5,EntgegenFangen_2.csv
2, 2025-02-19 10:06:26, False,0.17,0.0,1.5,EntgegenFangen_2.csv
1, 2025-02-19 10:06:27, False,0.17,0.0,1.5,EntgegenFangen_1.csv
2, 2025-02-19 10:06:41, False,0.92,0.0,1.5,EntgegenFangen_2.csv
1, 2025-02-19 10:06:50, False,0.16,0.0,1.5,EntgegenFangen_1.csv
2, 2025-02-19 10:07:19, False,3.14,0.0,1.5,EntgegenFangen_2.csv
1, 2025-02-19 10:07:25, False,5.53,0.0,1.5,EntgegenFangen_1.csv
1, 2025-02-19 10:08:07, False,0.9,0.0,1.5,EntgegenFangen_1.csv
1, 2025-02-19 10:08:18, False,0.09,0.0,1.5,EntgegenFangen_1.csv
1, 2025-02-19 10:08:27, False,0.48,0.0,1.5,EntgegenFangen_1.csv
1, 2025-02-19 10:08:34, False,0.63,0.0,1.5,EntgegenFangen_1.csv
1, 2025-02-19 10:08:41, False,0.25,0.0,1.5,EntgegenFangen_1.csv
1, 2025-02-19 10:08:50, False,0.91,0.0,1.5,EntgegenFangen_1.csv
4, 2025-02-19 10:10:12, False,0.9,0.0,1.5,EntgegenFangen_4.csv
3, 2025-02-19 10:10:25, False,-1.0,-1.0,-1.0,EntgegenFangen_3.csv
4, 2025-02-19 10:10:50, False,1.88,0.0,1.5,EntgegenFangen_4.csv
6, 2025-02-19 10:11:07, False," 1,21"," 0,00"," 1,50",EntgegenFangen_6.csv
4, 2025-02-19 10:11:09, False,4.72,0.0,1.5,EntgegenFangen_4.csv
4, 2025-02-19 10:11:22, False,0.11,0.0,1.5,EntgegenFangen_4.csv
6, 2025-02-19 10:11:24, False," 0,47"," 0,00"," 1,50",EntgegenFangen_6.csv
4, 2025-02-19 10:11:31, False,2.24,0.0,1.5,EntgegenFangen_4.csv
6, 2025-02-19 10:11:35, False," 0,98"," 0,00"," 1,50",EntgegenFangen_6.csv
4, 2025-02-19 10:11:39, False,1.99,0.0,1.5,EntgegenFangen_4.csv
6, 2025-02-19 10:11:45, False," 0,53"," 0,00"," 1,50",EntgegenFangen_6.csv
6, 2025-02-19 10:11:57, False," 2,38"," 0,00"," 1,50",EntgegenFangen_6.csv
4, 2025-02-19 10:11:58, False,1.56,0.0,1.5,EntgegenFangen_4.csv
4, 2025-02-19 10:12:14, False,3.13,0.0,1.5,EntgegenFangen_4.csv
6, 2025-02-19 10:12:21, False," 2,59"," 0,00"," 1,50",EntgegenFangen_6.csv
4, 2025-02-19 10:12:22, False,1.01,0.0,1.5,EntgegenFangen_4.csv
4, 2025-02-19 10:12:29, False,0.2,0.0,1.5,EntgegenFangen_4.csv
4, 2025-02-19 10:12:37, False,2.86,0.0,1.5,EntgegenFangen_4.csv
4, 2025-02-19 10:12:48, False,0.21,0.0,1.5,EntgegenFangen_4.csv
6, 2025-02-19 10:13:16, False," 2,06"," 0,00"," 1,50",EntgegenFangen_6.csv
6, 2025-02-19 10:13:22, False," 0,95"," 0,00"," 1,50",EntgegenFangen_6.csv
6, 2025-02-19 10:13:33, False," 2,44"," 0,00"," 1,50",EntgegenFangen_6.csv
6, 2025-02-19 10:13:55, False," 0,32"," 0,00"," 1,50",EntgegenFangen_6.csv
5, 2025-02-19 10:16:14, False,2.92,0.0,1.5,EntgegenFangen_5.csv
7, 2025-02-19 10:21:33, False,1.85,0.0,1.5,EntgegenFangen_7.csv
9, 2025-02-19 10:23:55, False,8.3,0.0,1.5,EntgegenFangen_9.csv
9, 2025-02-19 10:24:15, False,0.42,0.0,1.5,EntgegenFangen_9.csv
9, 2025-02-19 10:24:36, True,0.89,0.0,1.5,EntgegenFangen_9.csv
9, 2025-02-19 10:24:48, False,9.05,0.0,1.5,EntgegenFangen_9.csv
11, 2025-02-19 10:26:19, False,0.25,0.0,1.5,EntgegenFangen_11.csv
11, 2025-02-19 10:26:41, True,5.25,0.0,1.5,EntgegenFangen_11.csv
11, 2025-02-19 10:27:04, False,0.94,0.0,1.5,EntgegenFangen_11.csv
8, 2025-02-19 10:27:20, True,0.45,0.0,1.5,EntgegenFangen_8.csv
8, 2025-02-19 10:27:37, False,0.7,0.0,1.5,EntgegenFangen_8.csv
12, 2025-02-19 10:28:16, False,0.04,0.0,1.5,EntgegenFangen_12.csv
8, 2025-02-19 10:28:27, True,0.56,0.0,1.5,EntgegenFangen_8.csv
8, 2025-02-19 10:28:33, False,1.27,0.0,1.5,EntgegenFangen_8.csv
10, 2025-02-19 10:28:52, False," 2,06"," 0,00"," 1,50",EntgegenFangen_10.csv
8, 2025-02-19 10:28:59, False,2.73,0.0,1.5,EntgegenFangen_8.csv
8, 2025-02-19 10:29:06, False,1.02,0.0,1.5,EntgegenFangen_8.csv
10, 2025-02-19 10:29:07, False," 1,40"," 0,00"," 1,50",EntgegenFangen_10.csv
10, 2025-02-19 10:29:42, False," 8,08"," 0,00"," 1,50",EntgegenFangen_10.csv
10, 2025-02-19 10:29:53, False," 2,69"," 0,00"," 1,50",EntgegenFangen_10.csv
10, 2025-02-19 10:31:38, False," 0,62"," 0,00"," 1,50",EntgegenFangen_10.csv
14, 2025-02-19 10:38:14, False,1.08,0.0,1.5,EntgegenFangen_14.csv
14, 2025-02-19 10:38:43, False,1.02,0.0,1.5,EntgegenFangen_14.csv
14, 2025-02-19 10:39:30, False,0.9,0.0,1.5,EntgegenFangen_14.csv
14, 2025-02-19 10:40:11, False,0.36,0.0,1.5,EntgegenFangen_14.csv
16, 2025-02-19 10:41:50, False,1.26,0.0,1.5,EntgegenFangen_16.csv
16, 2025-02-19 10:42:01, False,0.29,0.0,1.5,EntgegenFangen_16.csv
16, 2025-02-19 10:42:33, True,0.33,0.0,1.5,EntgegenFangen_16.csv
16, 2025-02-19 10:42:41, True,2.62,0.0,1.5,EntgegenFangen_16.csv
16, 2025-02-19 10:42:56, True,1.73,0.0,1.5,EntgegenFangen_16.csv
16, 2025-02-19 10:43:04, False,1.21,0.0,1.5,EntgegenFangen_16.csv
16, 2025-02-19 10:43:19, False,0.02,0.0,1.5,EntgegenFangen_16.csv
17, 2025-02-19 10:46:16, False,0.32,0.0,1.5,EntgegenFangen_17.csv
17, 2025-02-19 10:46:45, False,1.51,0.0,1.5,EntgegenFangen_17.csv
18, 2025-02-19 10:47:07, False,3.47,0.0,1.5,EntgegenFangen_18.csv
17, 2025-02-19 10:47:14, False,2.54,0.0,1.5,EntgegenFangen_17.csv
18, 2025-02-19 10:47:20, False,1.04,0.0,1.5,EntgegenFangen_18.csv
18, 2025-02-19 10:47:54, False,1.68,0.0,1.5,EntgegenFangen_18.csv
20, 2025-02-19 10:48:26, False," 0,46"," 0,00"," 1,50",EntgegenFangen_20.csv
20, 2025-02-19 10:48:41, False," 0,09"," 0,00"," 1,50",EntgegenFangen_20.csv
20, 2025-02-19 10:48:48, False," 0,40"," 0,00"," 1,50",EntgegenFangen_20.csv
20, 2025-02-19 10:48:56, False," 0,20"," 0,00"," 1,50",EntgegenFangen_20.csv
20, 2025-02-19 10:49:13, False," 0,98"," 0,00"," 1,50",EntgegenFangen_20.csv
20, 2025-02-19 10:49:28, True," 1,61"," 0,00"," 1,50",EntgegenFangen_20.csv
20, 2025-02-19 10:49:33, False," 2,60"," 0,00"," 1,50",EntgegenFangen_20.csv
20, 2025-02-19 10:50:16, False," 4,68"," 0,00"," 1,50",EntgegenFangen_20.csv
20, 2025-02-19 10:50:22, True," 8,21"," 0,00"," 1,50",EntgegenFangen_20.csv
20, 2025-02-19 10:50:36, False," 7,43"," 0,00"," 1,50",EntgegenFangen_20.csv
20, 2025-02-19 10:50:44, False," 2,45"," 0,00"," 1,50",EntgegenFangen_20.csv
20, 2025-02-19 10:50:57, False," 1,66"," 0,00"," 1,50",EntgegenFangen_20.csv
19, 2025-02-19 10:51:54, False,2.4,0.0,1.5,EntgegenFangen_19.csv
19, 2025-02-19 10:52:59, False,5.76,0.0,1.5,EntgegenFangen_19.csv
19, 2025-02-19 10:53:13, False,6.67,0.0,1.5,EntgegenFangen_19.csv
21, 2025-02-19 10:53:50, False,1.17,0.0,1.5,EntgegenFangen_21.csv
21, 2025-02-19 10:53:59, False,0.91,0.0,1.5,EntgegenFangen_21.csv
21, 2025-02-19 10:54:09, False,0.76,0.0,1.5,EntgegenFangen_21.csv
21, 2025-02-19 10:54:16, False,0.81,0.0,1.5,EntgegenFangen_21.csv
21, 2025-02-19 10:54:21, False,1.2,0.0,1.5,EntgegenFangen_21.csv
21, 2025-02-19 10:54:31, False,0.84,0.0,1.5,EntgegenFangen_21.csv
21, 2025-02-19 10:54:45, False,0.48,0.0,1.5,EntgegenFangen_21.csv
21, 2025-02-19 10:54:53, False,0.3,0.0,1.5,EntgegenFangen_21.csv
21, 2025-02-19 10:54:59, False,1.08,0.0,1.5,EntgegenFangen_21.csv
21, 2025-02-19 10:55:10, False,0.19,0.0,1.5,EntgegenFangen_21.csv
21, 2025-02-19 10:55:18, False,0.43,0.0,1.5,EntgegenFangen_21.csv
21, 2025-02-19 10:55:25, False,0.84,0.0,1.5,EntgegenFangen_21.csv
21, 2025-02-19 10:55:35, False,0.99,0.0,1.5,EntgegenFangen_21.csv
21, 2025-02-19 10:55:40, False,0.96,0.0,1.5,EntgegenFangen_21.csv
21, 2025-02-19 10:55:48, False,1.32,0.0,1.5,EntgegenFangen_21.csv
21, 2025-02-19 10:55:53, False,0.92,0.0,1.5,EntgegenFangen_21.csv
21, 2025-02-19 10:56:00, False,1.08,0.0,1.5,EntgegenFangen_21.csv
21, 2025-02-19 10:56:06, False,0.25,0.0,1.5,EntgegenFangen_21.csv
21, 2025-02-19 10:56:20, False,0.94,0.0,1.5,EntgegenFangen_21.csv
21, 2025-02-19 10:56:26, False,0.69,0.0,1.5,EntgegenFangen_21.csv
22, 2025-02-19 10:57:49, False,2.25,0.0,1.5,EntgegenFangen_22.csv
22, 2025-02-19 10:58:11, False,0.44,0.0,1.5,EntgegenFangen_22.csv
22, 2025-02-19 10:58:24, False,0.93,0.0,1.5,EntgegenFangen_22.csv
22, 2025-02-19 10:58:33, False,2.8,0.0,1.5,EntgegenFangen_22.csv
22, 2025-02-19 10:58:59, False,0.63,0.0,1.5,EntgegenFangen_22.csv
22, 2025-02-19 10:59:09, False,0.08,0.0,1.5,EntgegenFangen_22.csv
13, 2025-02-19 10:59:36, False,0.02,0.0,1.5,EntgegenFangen_13.csv
22, 2025-02-19 10:59:38, False,0.02,0.0,1.5,EntgegenFangen_22.csv
13, 2025-02-19 10:59:46, False,0.11,0.0,1.5,EntgegenFangen_13.csv
13, 2025-02-19 10:59:59, True,0.28,0.0,1.5,EntgegenFangen_13.csv
22, 2025-02-19 11:00:09, False,0.3,0.0,1.5,EntgegenFangen_22.csv
23, 2025-02-19 11:01:07, True,0.56,0.0,1.5,EntgegenFangen_23.csv
23, 2025-02-19 11:01:15, False,1.92,0.0,1.5,EntgegenFangen_23.csv
23, 2025-02-19 11:02:07, False,2.07,0.0,1.5,EntgegenFangen_23.csv
23, 2025-02-19 11:02:27, False,4.74,0.0,1.5,EntgegenFangen_23.csv
23, 2025-02-19 11:02:38, False,4.18,0.0,1.5,EntgegenFangen_23.csv
23, 2025-02-19 11:02:53, False,4.68,0.0,1.5,EntgegenFangen_23.csv
24, 2025-02-19 11:02:58, False," 0,74"," 0,00"," 1,50",EntgegenFangen_24.csv
23, 2025-02-19 11:03:02, False,4.71,0.0,1.5,EntgegenFangen_23.csv
24, 2025-02-19 11:03:15, False," 0,48"," 0,00"," 1,50",EntgegenFangen_24.csv
24, 2025-02-19 11:03:39, False," 0,10"," 0,00"," 1,50",EntgegenFangen_24.csv
24, 2025-02-19 11:04:00, False," 0,02"," 0,00"," 1,50",EntgegenFangen_24.csv
28, 2025-02-19 11:04:50, False,1.11,0.0,1.5,EntgegenFangen_28.csv
24, 2025-02-19 11:05:00, False," 0,21"," 0,00"," 1,50",EntgegenFangen_24.csv
24, 2025-02-19 11:05:14, False," 0,45"," 0,00"," 1,50",EntgegenFangen_24.csv
28, 2025-02-19 11:05:37, False,1.08,0.0,1.5,EntgegenFangen_28.csv
28, 2025-02-19 11:05:46, False,0.42,0.0,1.5,EntgegenFangen_28.csv
28, 2025-02-19 11:05:57, False,0.25,0.0,1.5,EntgegenFangen_28.csv
28, 2025-02-19 11:06:43, False,0.9,0.0,1.5,EntgegenFangen_28.csv
28, 2025-02-19 11:06:50, True,2.21,0.0,1.5,EntgegenFangen_28.csv
26, 2025-02-19 11:08:31, False,4.74,0.0,1.5,EntgegenFangen_26.csv
26, 2025-02-19 11:09:19, True,1.53,0.0,1.5,EntgegenFangen_26.csv
26, 2025-02-19 11:10:32, False,0.07,0.0,1.5,EntgegenFangen_26.csv
27, 2025-02-19 11:11:46, False,1.6,0.0,1.5,EntgegenFangen_27.csv
27, 2025-02-19 11:11:56, False,0.9,0.0,1.5,EntgegenFangen_27.csv
27, 2025-02-19 11:12:07, False,1.18,0.0,1.5,EntgegenFangen_27.csv
27, 2025-02-19 11:12:40, False,0.26,0.0,1.5,EntgegenFangen_27.csv
27, 2025-02-19 11:13:00, False,0.88,0.0,1.5,EntgegenFangen_27.csv
27, 2025-02-19 11:13:10, False,0.37,0.0,1.5,EntgegenFangen_27.csv
40, 2025-02-20 08:25:12, False,1.11,0.0,1.5,EntgegenFangen_40.csv
40, 2025-02-20 08:25:30, False,2.17,0.0,1.5,EntgegenFangen_40.csv
40, 2025-02-20 08:25:37, False,2.9,0.0,1.5,EntgegenFangen_40.csv
40, 2025-02-20 08:26:10, False,0.08,0.0,1.5,EntgegenFangen_40.csv
29, 2025-02-20 08:26:20, False,1.58,0.0,1.5,EntgegenFangen_29.csv
40, 2025-02-20 08:26:32, False,0.32,0.0,1.5,EntgegenFangen_40.csv
54, 2025-02-20 08:26:55, False," 0,72"," 0,00"," 1,50",EntgegenFangen_54.csv
40, 2025-02-20 08:27:18, False,0.44,0.0,1.5,EntgegenFangen_40.csv
54, 2025-02-20 08:27:26, False," 8,50"," 0,00"," 1,50",EntgegenFangen_54.csv
54, 2025-02-20 08:28:42, True," 1,33"," 0,00"," 1,50",EntgegenFangen_54.csv
43, 2025-02-20 08:30:31, False,0.24,0.0,1.5,EntgegenFangen_43.csv
43, 2025-02-20 08:30:46, False,0.33,0.0,1.5,EntgegenFangen_43.csv
43, 2025-02-20 08:31:36, False,0.56,0.0,1.5,EntgegenFangen_43.csv
43, 2025-02-20 08:32:14, False,0.06,0.0,1.5,EntgegenFangen_43.csv
43, 2025-02-20 08:32:28, False,0.56,0.0,1.5,EntgegenFangen_43.csv
43, 2025-02-20 08:32:46, False,0.14,0.0,1.5,EntgegenFangen_43.csv
31, 2025-02-20 08:40:35, False,2.22,0.0,1.5,EntgegenFangen_31.csv
32, 2025-02-20 08:42:21, False,-1.0,-1.0,-1.0,EntgegenFangen_32.csv
33, 2025-02-20 08:42:48, False," 0,34"," 0,00"," 1,50",EntgegenFangen_33.csv
33, 2025-02-20 08:43:23, True," 0,64"," 0,00"," 1,50",EntgegenFangen_33.csv
38, 2025-02-20 08:44:01, False,8.63,0.0,1.5,EntgegenFangen_38.csv
38, 2025-02-20 08:45:10, False,0.07,0.0,1.5,EntgegenFangen_38.csv
38, 2025-02-20 08:45:37, False,1.88,0.0,1.5,EntgegenFangen_38.csv
41, 2025-02-20 08:52:05, False,1.24,0.0,1.5,EntgegenFangen_41.csv
41, 2025-02-20 08:52:35, False,0.83,0.0,1.5,EntgegenFangen_41.csv
41, 2025-02-20 08:53:26, False,0.71,0.0,1.5,EntgegenFangen_41.csv
41, 2025-02-20 08:53:52, False,0.21,0.0,1.5,EntgegenFangen_41.csv
41, 2025-02-20 08:54:02, False,4.54,0.0,1.5,EntgegenFangen_41.csv
41, 2025-02-20 08:54:14, False,0.34,0.0,1.5,EntgegenFangen_41.csv
41, 2025-02-20 08:54:33, False,2.78,0.0,1.5,EntgegenFangen_41.csv
44, 2025-02-20 08:55:47, False,1.13,0.0,1.5,EntgegenFangen_44.csv
44, 2025-02-20 08:56:55, False,2.11,0.0,1.5,EntgegenFangen_44.csv
44, 2025-02-20 08:57:55, False,4.5,0.0,1.5,EntgegenFangen_44.csv
47, 2025-02-20 08:58:05, False,2.94,0.0,1.5,EntgegenFangen_47.csv
47, 2025-02-20 08:58:30, False,0.66,0.0,1.5,EntgegenFangen_47.csv
47, 2025-02-20 08:59:04, True,1.51,0.0,1.5,EntgegenFangen_47.csv
45, 2025-02-20 08:59:07, False," 3,67"," 0,00"," 1,50",EntgegenFangen_45.csv
47, 2025-02-20 08:59:15, False,1.35,0.0,1.5,EntgegenFangen_47.csv
47, 2025-02-20 08:59:58, False,0.13,0.0,1.5,EntgegenFangen_47.csv
49, 2025-02-20 09:06:48, False,1.32,0.0,1.5,EntgegenFangen_49.csv
49, 2025-02-20 09:06:55, False,0.09,0.0,1.5,EntgegenFangen_49.csv
49, 2025-02-20 09:07:17, False,0.06,0.0,1.5,EntgegenFangen_49.csv
49, 2025-02-20 09:07:49, False,2.11,0.0,1.5,EntgegenFangen_49.csv
49, 2025-02-20 09:08:00, False,1.63,0.0,1.5,EntgegenFangen_49.csv
49, 2025-02-20 09:08:15, True,0.24,0.0,1.5,EntgegenFangen_49.csv
49, 2025-02-20 09:08:32, False,1.92,0.0,1.5,EntgegenFangen_49.csv
49, 2025-02-20 09:08:40, False,1.79,0.0,1.5,EntgegenFangen_49.csv
49, 2025-02-20 09:08:51, False,0.27,0.0,1.5,EntgegenFangen_49.csv
50, 2025-02-20 09:10:53, True,8.66,0.0,1.5,EntgegenFangen_50.csv
50, 2025-02-20 09:11:43, False,2.4,0.0,1.5,EntgegenFangen_50.csv
50, 2025-02-20 09:12:11, False,1.4,0.0,1.5,EntgegenFangen_50.csv
53, 2025-02-20 09:12:33, False,1.68,0.0,1.5,EntgegenFangen_53.csv
53, 2025-02-20 09:12:41, False,0.91,0.0,1.5,EntgegenFangen_53.csv
50, 2025-02-20 09:12:53, True,0.02,0.0,1.5,EntgegenFangen_50.csv
53, 2025-02-20 09:12:55, False,1.63,0.0,1.5,EntgegenFangen_53.csv
53, 2025-02-20 09:13:04, False,2.06,0.0,1.5,EntgegenFangen_53.csv
50, 2025-02-20 09:13:05, False,0.52,0.0,1.5,EntgegenFangen_50.csv
50, 2025-02-20 09:13:14, False,0.54,0.0,1.5,EntgegenFangen_50.csv
55, 2025-02-20 09:13:15, False," 0,06"," 0,00"," 1,50",EntgegenFangen_55.csv
55, 2025-02-20 09:13:23, False," 1,67"," 0,00"," 1,50",EntgegenFangen_55.csv
55, 2025-02-20 09:13:30, False," 0,31"," 0,00"," 1,50",EntgegenFangen_55.csv
50, 2025-02-20 09:13:32, False,0.98,0.0,1.5,EntgegenFangen_50.csv
55, 2025-02-20 09:13:36, False," 0,76"," 0,00"," 1,50",EntgegenFangen_55.csv
53, 2025-02-20 09:13:51, False,0.99,0.0,1.5,EntgegenFangen_53.csv
55, 2025-02-20 09:13:54, False," 0,01"," 0,00"," 1,50",EntgegenFangen_55.csv
53, 2025-02-20 09:14:06, False,1.2,0.0,1.5,EntgegenFangen_53.csv
55, 2025-02-20 09:14:09, False," 3,58"," 0,00"," 1,50",EntgegenFangen_55.csv
55, 2025-02-20 09:14:18, False," 1,30"," 0,00"," 1,50",EntgegenFangen_55.csv
53, 2025-02-20 09:14:20, False,0.18,0.0,1.5,EntgegenFangen_53.csv
55, 2025-02-20 09:14:24, False," 0,90"," 0,00"," 1,50",EntgegenFangen_55.csv
53, 2025-02-20 09:14:37, False,3.25,0.0,1.5,EntgegenFangen_53.csv
55, 2025-02-20 09:14:48, False," 1,07"," 0,00"," 1,50",EntgegenFangen_55.csv
55, 2025-02-20 09:14:54, False," 1,85"," 0,00"," 1,50",EntgegenFangen_55.csv
55, 2025-02-20 09:15:01, False," 1,99"," 0,00"," 1,50",EntgegenFangen_55.csv
55, 2025-02-20 09:15:10, False," 0,22"," 0,00"," 1,50",EntgegenFangen_55.csv
55, 2025-02-20 09:15:17, False," 0,90"," 0,00"," 1,50",EntgegenFangen_55.csv
55, 2025-02-20 09:15:33, False," 1,59"," 0,00"," 1,50",EntgegenFangen_55.csv
55, 2025-02-20 09:15:44, False," 3,56"," 0,00"," 1,50",EntgegenFangen_55.csv
55, 2025-02-20 09:15:52, True," 1,08"," 0,00"," 1,50",EntgegenFangen_55.csv
55, 2025-02-20 09:16:03, False," 0,10"," 0,00"," 1,50",EntgegenFangen_55.csv
57, 2025-02-20 09:21:14, False,0.34,0.0,1.5,EntgegenFangen_57.csv
57, 2025-02-20 09:22:45, False,1.64,0.0,1.5,EntgegenFangen_57.csv
57, 2025-02-20 09:23:31, True,8.66,0.0,1.5,EntgegenFangen_57.csv
60, 2025-02-20 09:27:55, True,1.36,0.0,1.5,EntgegenFangen_60.csv
60, 2025-02-20 09:28:06, False,4.6,0.0,1.5,EntgegenFangen_60.csv
60, 2025-02-20 09:29:19, True,0.23,0.0,1.5,EntgegenFangen_60.csv
60, 2025-02-20 09:29:55, False,7.04,0.0,1.5,EntgegenFangen_60.csv
60, 2025-02-20 09:30:27, False,4.59,0.0,1.5,EntgegenFangen_60.csv
58, 2025-02-20 09:33:16, True,7.85,0.0,1.5,EntgegenFangen_58.csv
58, 2025-02-20 09:33:21, False,5.28,0.0,1.5,EntgegenFangen_58.csv
58, 2025-02-20 09:33:58, True,8.83,0.0,1.5,EntgegenFangen_58.csv
58, 2025-02-20 09:34:29, False,4.77,0.0,1.5,EntgegenFangen_58.csv
58, 2025-02-20 09:34:39, True,4.14,0.0,1.5,EntgegenFangen_58.csv
58, 2025-02-20 09:34:46, False,3.09,0.0,1.5,EntgegenFangen_58.csv
35, 2025-02-20 18:36:04, False,0.1,0.0,1.5,EntgegenFangen_35.csv
35, 2025-02-20 18:36:16, False,0.64,0.0,1.5,EntgegenFangen_35.csv
35, 2025-02-20 18:36:23, False,1.13,0.0,1.5,EntgegenFangen_35.csv
35, 2025-02-20 18:36:35, False,1.13,0.0,1.5,EntgegenFangen_35.csv
35, 2025-02-20 18:36:42, False,0.27,0.0,1.5,EntgegenFangen_35.csv
35, 2025-02-20 18:36:48, False,0.26,0.0,1.5,EntgegenFangen_35.csv
35, 2025-02-20 18:36:55, False,0.25,0.0,1.5,EntgegenFangen_35.csv
35, 2025-02-20 18:37:06, False,0.13,0.0,1.5,EntgegenFangen_35.csv
39, 2025-02-20 18:37:33, False,0.83,0.0,1.5,EntgegenFangen_39.csv
39, 2025-02-20 18:37:56, False,0.02,0.0,1.5,EntgegenFangen_39.csv
39, 2025-02-20 18:38:11, False,0.48,0.0,1.5,EntgegenFangen_39.csv
39, 2025-02-20 18:38:19, False,0.53,0.0,1.5,EntgegenFangen_39.csv
35, 2025-02-20 18:38:34, False,0.9,0.0,1.5,EntgegenFangen_35.csv
39, 2025-02-20 18:38:46, False,1.28,0.0,1.5,EntgegenFangen_39.csv
39, 2025-02-20 18:38:57, True,1.75,0.0,1.5,EntgegenFangen_39.csv
39, 2025-02-20 18:39:08, False,0.12,0.0,1.5,EntgegenFangen_39.csv
39, 2025-02-20 18:39:35, False,0.81,0.0,1.5,EntgegenFangen_39.csv
39, 2025-02-20 18:39:42, False,0.51,0.0,1.5,EntgegenFangen_39.csv
39, 2025-02-20 18:40:11, False,0.7,0.0,1.5,EntgegenFangen_39.csv
36, 2025-02-20 18:51:55, False,-1.0,-1.0,-1.0,EntgegenFangen_36.csv
37, 2025-02-20 18:52:00, False,0.43,0.0,1.5,EntgegenFangen_37.csv
37, 2025-02-20 18:52:18, True,2.31,0.0,1.5,EntgegenFangen_37.csv
37, 2025-02-20 18:52:36, False,0.32,0.0,1.5,EntgegenFangen_37.csv
37, 2025-02-20 18:52:46, False,0.72,0.0,1.5,EntgegenFangen_37.csv
37, 2025-02-20 18:52:59, False,0.47,0.0,1.5,EntgegenFangen_37.csv
37, 2025-02-20 18:53:09, False,1.2,0.0,1.5,EntgegenFangen_37.csv
37, 2025-02-20 18:53:27, False,1.71,0.0,1.5,EntgegenFangen_37.csv
37, 2025-02-20 18:53:52, False,1.87,0.0,1.5,EntgegenFangen_37.csv
46, 2025-02-20 19:03:51, False,0.02,0.0,1.5,EntgegenFangen_46.csv
48, 2025-02-20 19:08:49, False,1.69,0.0,1.5,EntgegenFangen_48.csv
48, 2025-02-20 19:09:25, False,1.84,0.0,1.5,EntgegenFangen_48.csv
48, 2025-02-20 19:10:04, False,0.11,0.0,1.5,EntgegenFangen_48.csv
48, 2025-02-20 19:10:32, False,1.94,0.0,1.5,EntgegenFangen_48.csv
48, 2025-02-20 19:10:49, False,0.28,0.0,1.5,EntgegenFangen_48.csv
51, 2025-02-20 19:17:51, False,7.21,0.0,1.5,EntgegenFangen_51.csv
51, 2025-02-20 19:20:03, False,0.52,0.0,1.5,EntgegenFangen_51.csv
56, 2025-02-20 19:23:56, False,0.58,0.0,1.5,EntgegenFangen_56.csv
56, 2025-02-20 19:24:24, False,1.11,0.0,1.5,EntgegenFangen_56.csv
56, 2025-02-20 19:24:41, True,2.95,0.0,1.5,EntgegenFangen_56.csv
56, 2025-02-20 19:24:47, False,0.8,0.0,1.5,EntgegenFangen_56.csv
56, 2025-02-20 19:25:04, False,0.88,0.0,1.5,EntgegenFangen_56.csv
56, 2025-02-20 19:25:22, False,0.28,0.0,1.5,EntgegenFangen_56.csv
56, 2025-02-20 19:25:47, False,0.86,0.0,1.5,EntgegenFangen_56.csv
56, 2025-02-20 19:25:59, False,0.41,0.0,1.5,EntgegenFangen_56.csv
56, 2025-02-20 19:26:20, False,2.53,0.0,1.5,EntgegenFangen_56.csv
56, 2025-02-20 19:26:45, True,0.7,0.0,1.5,EntgegenFangen_56.csv
59, 2025-02-20 19:33:19, False,1.02,0.0,1.5,EntgegenFangen_59.csv
59, 2025-02-20 19:33:42, False,0.5,0.0,1.5,EntgegenFangen_59.csv
59, 2025-02-20 19:33:53, True,0.53,0.0,1.5,EntgegenFangen_59.csv
59, 2025-02-20 19:34:02, False,0.15,0.0,1.5,EntgegenFangen_59.csv
59, 2025-02-20 19:34:31, False,0.64,0.0,1.5,EntgegenFangen_59.csv
59, 2025-02-20 19:34:44, False,4.76,0.0,1.5,EntgegenFangen_59.csv
59, 2025-02-20 19:34:51, False,0.15,0.0,1.5,EntgegenFangen_59.csv
59, 2025-02-20 19:34:59, True,0.69,0.0,1.5,EntgegenFangen_59.csv
59, 2025-02-20 19:35:04, False,0.76,0.0,1.5,EntgegenFangen_59.csv
59, 2025-02-20 19:35:32, False,0.03,0.0,1.5,EntgegenFangen_59.csv
1, 2025-02-26 10:08:19, False,1.39,0.0,1.5,EntgegenFangen_1.csv
1, 2025-02-26 10:08:29, False,1.7,0.0,1.5,EntgegenFangen_1.csv
1, 2025-02-26 10:08:42, False,2.32,0.0,1.5,EntgegenFangen_1.csv
1, 2025-02-26 10:08:51, False,0.17,0.0,1.5,EntgegenFangen_1.csv
2, 2025-02-26 10:08:51, False,2.96,0.0,1.5,EntgegenFangen_2.csv
2, 2025-02-26 10:09:01, False,0.33,0.0,1.5,EntgegenFangen_2.csv
1, 2025-02-26 10:09:01, False,2.29,0.0,1.5,EntgegenFangen_1.csv
2, 2025-02-26 10:09:08, False,0.28,0.0,1.5,EntgegenFangen_2.csv
1, 2025-02-26 10:09:11, False,1.91,0.0,1.5,EntgegenFangen_1.csv
2, 2025-02-26 10:09:18, False,0.46,0.0,1.5,EntgegenFangen_2.csv
2, 2025-02-26 10:09:24, False,0.46,0.0,1.5,EntgegenFangen_2.csv
2, 2025-02-26 10:09:32, False,0.52,0.0,1.5,EntgegenFangen_2.csv
2, 2025-02-26 10:09:39, False,0.19,0.0,1.5,EntgegenFangen_2.csv
2, 2025-02-26 10:09:53, False,0.3,0.0,1.5,EntgegenFangen_2.csv
2, 2025-02-26 10:10:00, False,0.44,0.0,1.5,EntgegenFangen_2.csv
4, 2025-02-26 10:10:02, False,1.28,0.0,1.5,EntgegenFangen_4.csv
2, 2025-02-26 10:10:13, False,0.22,0.0,1.5,EntgegenFangen_2.csv
4, 2025-02-26 10:10:18, False,0.6,0.0,1.5,EntgegenFangen_4.csv
2, 2025-02-26 10:10:25, False,0.18,0.0,1.5,EntgegenFangen_2.csv
4, 2025-02-26 10:10:26, False,0.41,0.0,1.5,EntgegenFangen_4.csv
2, 2025-02-26 10:10:35, False,0.32,0.0,1.5,EntgegenFangen_2.csv
6, 2025-02-26 10:10:41, False," 0,90"," 0,00"," 1,50",EntgegenFangen_6.csv
1, 2025-02-26 10:10:43, False,0.11,0.0,1.5,EntgegenFangen_1.csv
2, 2025-02-26 10:10:44, False,0.75,0.0,1.5,EntgegenFangen_2.csv
4, 2025-02-26 10:10:46, False,1.77,0.0,1.5,EntgegenFangen_4.csv
4, 2025-02-26 10:10:56, False,0.15,0.0,1.5,EntgegenFangen_4.csv
6, 2025-02-26 10:10:57, True," 1,44"," 0,00"," 1,50",EntgegenFangen_6.csv
2, 2025-02-26 10:11:04, False,0.14,0.0,1.5,EntgegenFangen_2.csv
6, 2025-02-26 10:11:04, True," 0,69"," 0,00"," 1,50",EntgegenFangen_6.csv
4, 2025-02-26 10:11:07, False,0.16,0.0,1.5,EntgegenFangen_4.csv
6, 2025-02-26 10:11:10, True," 6,00"," 0,00"," 1,50",EntgegenFangen_6.csv
2, 2025-02-26 10:11:12, False,0.35,0.0,1.5,EntgegenFangen_2.csv
4, 2025-02-26 10:11:17, False,0.26,0.0,1.5,EntgegenFangen_4.csv
6, 2025-02-26 10:11:19, True," 0,75"," 0,00"," 1,50",EntgegenFangen_6.csv
2, 2025-02-26 10:11:21, False,0.51,0.0,1.5,EntgegenFangen_2.csv
6, 2025-02-26 10:11:25, True," 9,03"," 0,00"," 1,50",EntgegenFangen_6.csv
4, 2025-02-26 10:11:29, False,0.79,0.0,1.5,EntgegenFangen_4.csv
2, 2025-02-26 10:11:33, False,1.2,0.0,1.5,EntgegenFangen_2.csv
4, 2025-02-26 10:11:40, False,0.83,0.0,1.5,EntgegenFangen_4.csv
6, 2025-02-26 10:11:41, True," 0,75"," 0,00"," 1,50",EntgegenFangen_6.csv
6, 2025-02-26 10:11:47, True," 8,09"," 0,00"," 1,50",EntgegenFangen_6.csv
4, 2025-02-26 10:11:51, False,0.72,0.0,1.5,EntgegenFangen_4.csv
6, 2025-02-26 10:11:52, True," 3,43"," 0,00"," 1,50",EntgegenFangen_6.csv
6, 2025-02-26 10:11:58, False," 3,18"," 0,00"," 1,50",EntgegenFangen_6.csv
4, 2025-02-26 10:12:01, False,0.26,0.0,1.5,EntgegenFangen_4.csv
6, 2025-02-26 10:12:07, True," 0,63"," 0,00"," 1,50",EntgegenFangen_6.csv
6, 2025-02-26 10:12:13, True," 0,94"," 0,00"," 1,50",EntgegenFangen_6.csv
4, 2025-02-26 10:12:16, False,0.31,0.0,1.5,EntgegenFangen_4.csv
6, 2025-02-26 10:12:20, True," 2,04"," 0,00"," 1,50",EntgegenFangen_6.csv
4, 2025-02-26 10:12:23, False,0.03,0.0,1.5,EntgegenFangen_4.csv
4, 2025-02-26 10:12:34, False,0.58,0.0,1.5,EntgegenFangen_4.csv
4, 2025-02-26 10:12:44, False,0.66,0.0,1.5,EntgegenFangen_4.csv
9, 2025-02-26 10:12:52, False,1.88,0.0,1.5,EntgegenFangen_9.csv
6, 2025-02-26 10:13:09, False," 8,92"," 0,00"," 1,50",EntgegenFangen_6.csv
9, 2025-02-26 10:13:50, False,3.7,0.0,1.5,EntgegenFangen_9.csv
9, 2025-02-26 10:13:56, False,1.27,0.0,1.5,EntgegenFangen_9.csv
8, 2025-02-26 10:14:00, True,0.33,0.0,1.5,EntgegenFangen_8.csv
9, 2025-02-26 10:14:18, False,8.44,0.0,1.5,EntgegenFangen_9.csv
8, 2025-02-26 10:14:28, False,0.78,0.0,1.5,EntgegenFangen_8.csv
9, 2025-02-26 10:14:42, False,0.46,0.0,1.5,EntgegenFangen_9.csv
8, 2025-02-26 10:15:08, False,1.1,0.0,1.5,EntgegenFangen_8.csv
8, 2025-02-26 10:15:20, False,1.35,0.0,1.5,EntgegenFangen_8.csv
8, 2025-02-26 10:16:17, False,0.7,0.0,1.5,EntgegenFangen_8.csv
8, 2025-02-26 10:16:28, False,0.38,0.0,1.5,EntgegenFangen_8.csv
10, 2025-02-26 10:24:05, False,0.28,0.0,1.5,EntgegenFangen_10.csv
10, 2025-02-26 10:24:30, False,2.72,0.0,1.5,EntgegenFangen_10.csv
10, 2025-02-26 10:24:59, True,0.89,0.0,1.5,EntgegenFangen_10.csv
11, 2025-02-26 10:25:36, False,2.3,0.0,1.5,EntgegenFangen_11.csv
11, 2025-02-26 10:26:07, True,1.26,0.0,1.5,EntgegenFangen_11.csv
11, 2025-02-26 10:26:32, True,2.23,0.0,1.5,EntgegenFangen_11.csv
11, 2025-02-26 10:26:52, False,0.3,0.0,1.5,EntgegenFangen_11.csv
11, 2025-02-26 10:27:02, True,1.09,0.0,1.5,EntgegenFangen_11.csv
11, 2025-02-26 10:27:14, False,0.78,0.0,1.5,EntgegenFangen_11.csv
13, 2025-02-26 10:27:24, False,0.51,0.0,1.5,EntgegenFangen_13.csv
13, 2025-02-26 10:27:39, False,1.15,0.0,1.5,EntgegenFangen_13.csv
13, 2025-02-26 10:28:01, False,1.13,0.0,1.5,EntgegenFangen_13.csv
13, 2025-02-26 10:28:12, True,0.43,0.0,1.5,EntgegenFangen_13.csv
13, 2025-02-26 10:28:28, False,1.93,0.0,1.5,EntgegenFangen_13.csv
13, 2025-02-26 10:28:46, True,0.66,0.0,1.5,EntgegenFangen_13.csv
13, 2025-02-26 10:28:55, False,1.9,0.0,1.5,EntgegenFangen_13.csv
13, 2025-02-26 10:29:02, False,0.86,0.0,1.5,EntgegenFangen_13.csv
12, 2025-02-26 10:29:15, False,-1.0,-1.0,-1.0,EntgegenFangen_12.csv
13, 2025-02-26 10:29:28, False,0.79,0.0,1.5,EntgegenFangen_13.csv
13, 2025-02-26 10:29:38, True,3.76,0.0,1.5,EntgegenFangen_13.csv
13, 2025-02-26 10:29:59, True,0.34,0.0,1.5,EntgegenFangen_13.csv
14, 2025-02-26 10:31:45, False,1.54,0.0,1.5,EntgegenFangen_14.csv
16, 2025-02-26 10:32:01, True," 2,41"," 0,00"," 1,50",EntgegenFangen_16.csv
16, 2025-02-26 10:32:14, True," 0,16"," 0,00"," 1,50",EntgegenFangen_16.csv
16, 2025-02-26 10:32:22, False," 0,60"," 0,00"," 1,50",EntgegenFangen_16.csv
16, 2025-02-26 10:32:29, True," 1,08"," 0,00"," 1,50",EntgegenFangen_16.csv
16, 2025-02-26 10:33:04, False," 3,22"," 0,00"," 1,50",EntgegenFangen_16.csv
14, 2025-02-26 10:33:14, True,3.01,0.0,1.5,EntgegenFangen_14.csv
14, 2025-02-26 10:33:29, False,1.73,0.0,1.5,EntgegenFangen_14.csv
16, 2025-02-26 10:33:31, True," 2,18"," 0,00"," 1,50",EntgegenFangen_16.csv
16, 2025-02-26 10:33:42, True," 1,59"," 0,00"," 1,50",EntgegenFangen_16.csv
14, 2025-02-26 10:33:45, False,0.42,0.0,1.5,EntgegenFangen_14.csv
16, 2025-02-26 10:33:47, False," 0,25"," 0,00"," 1,50",EntgegenFangen_16.csv
16, 2025-02-26 10:34:07, False," 1,94"," 0,00"," 1,50",EntgegenFangen_16.csv
18, 2025-02-26 10:38:35, False,0.02,0.0,1.5,EntgegenFangen_18.csv
18, 2025-02-26 10:38:57, False,1.28,0.0,1.5,EntgegenFangen_18.csv
17, 2025-02-26 10:41:02, False,0.84,0.0,1.5,EntgegenFangen_17.csv
17, 2025-02-26 10:41:13, True,6.52,0.0,1.5,EntgegenFangen_17.csv
17, 2025-02-26 10:41:19, True,0.9,0.0,1.5,EntgegenFangen_17.csv
17, 2025-02-26 10:41:25, False,1.54,0.0,1.5,EntgegenFangen_17.csv
20, 2025-02-26 10:42:46, False,0.33,0.0,1.5,EntgegenFangen_20.csv
17, 2025-02-26 10:42:53, False,3.15,0.0,1.5,EntgegenFangen_17.csv
20, 2025-02-26 10:42:59, False,0.58,0.0,1.5,EntgegenFangen_20.csv
20, 2025-02-26 10:43:18, False,0.18,0.0,1.5,EntgegenFangen_20.csv
20, 2025-02-26 10:43:27, False,0.01,0.0,1.5,EntgegenFangen_20.csv
17, 2025-02-26 10:43:31, False,5.35,0.0,1.5,EntgegenFangen_17.csv
20, 2025-02-26 10:43:34, False,1.15,0.0,1.5,EntgegenFangen_20.csv
17, 2025-02-26 10:43:43, True,7.89,0.0,1.5,EntgegenFangen_17.csv
20, 2025-02-26 10:43:55, False,0.11,0.0,1.5,EntgegenFangen_20.csv
20, 2025-02-26 10:44:06, False,0.51,0.0,1.5,EntgegenFangen_20.csv
20, 2025-02-26 10:44:26, False,0.32,0.0,1.5,EntgegenFangen_20.csv
20, 2025-02-26 10:44:40, False,0.32,0.0,1.5,EntgegenFangen_20.csv
20, 2025-02-26 10:44:52, True,0.91,0.0,1.5,EntgegenFangen_20.csv
20, 2025-02-26 10:45:08, False,1.12,0.0,1.5,EntgegenFangen_20.csv
22, 2025-02-26 10:45:57, False,0.09,0.0,1.5,EntgegenFangen_22.csv
22, 2025-02-26 10:46:20, False,0.07,0.0,1.5,EntgegenFangen_22.csv
22, 2025-02-26 10:46:45, False,0.78,0.0,1.5,EntgegenFangen_22.csv
21, 2025-02-26 10:46:53, False,0.99,0.0,1.5,EntgegenFangen_21.csv
21, 2025-02-26 10:47:01, False,0.99,0.0,1.5,EntgegenFangen_21.csv
22, 2025-02-26 10:47:31, False,0.75,0.0,1.5,EntgegenFangen_22.csv
22, 2025-02-26 10:47:45, False,0.92,0.0,1.5,EntgegenFangen_22.csv
23, 2025-02-26 10:48:04, True," 0,21"," 0,00"," 1,50",EntgegenFangen_23.csv
23, 2025-02-26 10:48:17, False," 1,10"," 0,00"," 1,50",EntgegenFangen_23.csv
22, 2025-02-26 10:48:25, False,0.22,0.0,1.5,EntgegenFangen_22.csv
23, 2025-02-26 10:48:33, True," 0,18"," 0,00"," 1,50",EntgegenFangen_23.csv
22, 2025-02-26 10:48:35, False,1.71,0.0,1.5,EntgegenFangen_22.csv
23, 2025-02-26 10:48:51, False," 9,34"," 0,00"," 1,50",EntgegenFangen_23.csv
23, 2025-02-26 10:49:37, False," 6,12"," 0,00"," 1,50",EntgegenFangen_23.csv
21, 2025-02-26 10:49:43, False,0.33,0.0,1.5,EntgegenFangen_21.csv
23, 2025-02-26 10:50:08, False," 0,75"," 0,00"," 1,50",EntgegenFangen_23.csv
23, 2025-02-26 10:50:19, False," 2,16"," 0,00"," 1,50",EntgegenFangen_23.csv
23, 2025-02-26 10:50:29, False," 0,36"," 0,00"," 1,50",EntgegenFangen_23.csv
24, 2025-02-26 10:50:44, False,0.67,0.0,1.5,EntgegenFangen_24.csv
24, 2025-02-26 10:50:53, False,0.06,0.0,1.5,EntgegenFangen_24.csv
24, 2025-02-26 10:51:20, False,0.79,0.0,1.5,EntgegenFangen_24.csv
24, 2025-02-26 10:51:26, False,0.07,0.0,1.5,EntgegenFangen_24.csv
24, 2025-02-26 10:51:44, False,0.06,0.0,1.5,EntgegenFangen_24.csv
24, 2025-02-26 10:51:54, False,1.06,0.0,1.5,EntgegenFangen_24.csv
24, 2025-02-26 10:52:02, False,0.77,0.0,1.5,EntgegenFangen_24.csv
24, 2025-02-26 10:52:34, False,0.73,0.0,1.5,EntgegenFangen_24.csv
24, 2025-02-26 10:53:10, False,6.74,0.0,1.5,EntgegenFangen_24.csv
26, 2025-02-26 10:54:52, False,1.89,0.0,1.5,EntgegenFangen_26.csv
27, 2025-02-26 10:57:11, False,0.53,0.0,1.5,EntgegenFangen_27.csv
27, 2025-02-26 10:57:37, True,0.34,0.0,1.5,EntgegenFangen_27.csv
28, 2025-02-26 10:59:01, False,0.23,0.0,1.5,EntgegenFangen_28.csv
27, 2025-02-26 10:59:09, False,0.66,0.0,1.5,EntgegenFangen_27.csv
28, 2025-02-26 10:59:21, True,0.09,0.0,1.5,EntgegenFangen_28.csv
28, 2025-02-26 11:00:02, True,1.72,0.0,1.5,EntgegenFangen_28.csv
28, 2025-02-26 11:00:23, True,0.86,0.0,1.5,EntgegenFangen_28.csv
28, 2025-02-26 11:00:39, True,6.51,0.0,1.5,EntgegenFangen_28.csv
28, 2025-02-26 11:00:44, False,0.14,0.0,1.5,EntgegenFangen_28.csv
28, 2025-02-26 11:01:51, False,0.56,0.0,1.5,EntgegenFangen_28.csv
29, 2025-02-27 08:21:37, False,0.05,0.0,1.5,EntgegenFangen_29.csv
29, 2025-02-27 08:21:59, False,2.33,0.0,1.5,EntgegenFangen_29.csv
29, 2025-02-27 08:22:16, False,2.32,0.0,1.5,EntgegenFangen_29.csv
35, 2025-02-27 08:22:23, False,0.0,0.0,1.5,EntgegenFangen_35.csv
35, 2025-02-27 08:22:35, False,4.72,0.0,1.5,EntgegenFangen_35.csv
29, 2025-02-27 08:22:58, False,4.91,0.0,1.5,EntgegenFangen_29.csv
31, 2025-02-27 08:23:01, False," 1,90"," 0,00"," 1,50",EntgegenFangen_31.csv
29, 2025-02-27 08:23:06, False,0.01,0.0,1.5,EntgegenFangen_29.csv
35, 2025-02-27 08:23:08, True,0.03,0.0,1.5,EntgegenFangen_35.csv
31, 2025-02-27 08:23:09, False," 1,32"," 0,00"," 1,50",EntgegenFangen_31.csv
31, 2025-02-27 08:23:24, False," 0,50"," 0,00"," 1,50",EntgegenFangen_31.csv
29, 2025-02-27 08:23:29, False,0.27,0.0,1.5,EntgegenFangen_29.csv
31, 2025-02-27 08:23:35, False," 0,11"," 0,00"," 1,50",EntgegenFangen_31.csv
35, 2025-02-27 08:23:36, False,2.58,0.0,1.5,EntgegenFangen_35.csv
29, 2025-02-27 08:23:39, False,0.55,0.0,1.5,EntgegenFangen_29.csv
35, 2025-02-27 08:23:50, False,3.01,0.0,1.5,EntgegenFangen_35.csv
29, 2025-02-27 08:23:51, False,0.99,0.0,1.5,EntgegenFangen_29.csv
31, 2025-02-27 08:23:56, True," 0,18"," 0,00"," 1,50",EntgegenFangen_31.csv
35, 2025-02-27 08:23:57, False,0.56,0.0,1.5,EntgegenFangen_35.csv
35, 2025-02-27 08:24:06, False,4.67,0.0,1.5,EntgegenFangen_35.csv
31, 2025-02-27 08:24:11, False," 2,18"," 0,00"," 1,50",EntgegenFangen_31.csv
31, 2025-02-27 08:24:19, False," 3,43"," 0,00"," 1,50",EntgegenFangen_31.csv
36, 2025-02-27 08:24:31, False,2.35,0.0,1.5,EntgegenFangen_36.csv
35, 2025-02-27 08:24:36, False,0.96,0.0,1.5,EntgegenFangen_35.csv
35, 2025-02-27 08:24:44, False,3.84,0.0,1.5,EntgegenFangen_35.csv
36, 2025-02-27 08:25:01, False,4.25,0.0,1.5,EntgegenFangen_36.csv
35, 2025-02-27 08:25:11, False,0.59,0.0,1.5,EntgegenFangen_35.csv
32, 2025-02-27 08:25:16, False,2.74,0.0,1.5,EntgegenFangen_32.csv
32, 2025-02-27 08:25:32, False,7.24,0.0,1.5,EntgegenFangen_32.csv
33, 2025-02-27 08:25:35, False,0.03,0.0,1.5,EntgegenFangen_33.csv
33, 2025-02-27 08:25:48, True,0.15,0.0,1.5,EntgegenFangen_33.csv
32, 2025-02-27 08:25:55, False,4.73,0.0,1.5,EntgegenFangen_32.csv
33, 2025-02-27 08:26:00, True,1.3,0.0,1.5,EntgegenFangen_33.csv
33, 2025-02-27 08:26:08, False,0.73,0.0,1.5,EntgegenFangen_33.csv
33, 2025-02-27 08:26:14, False,0.22,0.0,1.5,EntgegenFangen_33.csv
36, 2025-02-27 08:26:23, False,0.24,0.0,1.5,EntgegenFangen_36.csv
33, 2025-02-27 08:26:57, False,1.34,0.0,1.5,EntgegenFangen_33.csv
33, 2025-02-27 08:27:04, False,0.83,0.0,1.5,EntgegenFangen_33.csv
33, 2025-02-27 08:27:09, True,0.79,0.0,1.5,EntgegenFangen_33.csv
36, 2025-02-27 08:27:14, False,0.33,0.0,1.5,EntgegenFangen_36.csv
33, 2025-02-27 08:27:15, False,0.96,0.0,1.5,EntgegenFangen_33.csv
33, 2025-02-27 08:27:28, False,1.19,0.0,1.5,EntgegenFangen_33.csv
33, 2025-02-27 08:27:39, False,0.88,0.0,1.5,EntgegenFangen_33.csv
37, 2025-02-27 08:36:52, False,1.23,0.0,1.5,EntgegenFangen_37.csv
37, 2025-02-27 08:36:59, True,1.06,0.0,1.5,EntgegenFangen_37.csv
40, 2025-02-27 08:38:05, False," 0,03"," 0,00"," 1,50",EntgegenFangen_40.csv
41, 2025-02-27 08:38:09, False,0.81,0.0,1.5,EntgegenFangen_41.csv
37, 2025-02-27 08:38:22, False,1.28,0.0,1.5,EntgegenFangen_37.csv
41, 2025-02-27 08:38:34, False,2.27,0.0,1.5,EntgegenFangen_41.csv
41, 2025-02-27 08:38:43, False,2.96,0.0,1.5,EntgegenFangen_41.csv
37, 2025-02-27 08:38:52, False,0.06,0.0,1.5,EntgegenFangen_37.csv
41, 2025-02-27 08:38:53, False,1.59,0.0,1.5,EntgegenFangen_41.csv
40, 2025-02-27 08:38:55, False," 0,20"," 0,00"," 1,50",EntgegenFangen_40.csv
41, 2025-02-27 08:39:04, False,0.02,0.0,1.5,EntgegenFangen_41.csv
40, 2025-02-27 08:39:09, False," 6,84"," 0,00"," 1,50",EntgegenFangen_40.csv
41, 2025-02-27 08:39:38, False,0.44,0.0,1.5,EntgegenFangen_41.csv
40, 2025-02-27 08:39:41, False," 1,06"," 0,00"," 1,50",EntgegenFangen_40.csv
41, 2025-02-27 08:39:47, False,4.56,0.0,1.5,EntgegenFangen_41.csv
42, 2025-02-27 08:39:52, False,0.85,0.0,1.5,EntgegenFangen_42.csv
41, 2025-02-27 08:39:53, True,0.38,0.0,1.5,EntgegenFangen_41.csv
41, 2025-02-27 08:40:00, True,0.25,0.0,1.5,EntgegenFangen_41.csv
40, 2025-02-27 08:40:02, False," 0,84"," 0,00"," 1,50",EntgegenFangen_40.csv
41, 2025-02-27 08:40:07, False,0.87,0.0,1.5,EntgegenFangen_41.csv
40, 2025-02-27 08:40:09, False," 2,02"," 0,00"," 1,50",EntgegenFangen_40.csv
43, 2025-02-27 08:40:12, False,0.93,0.0,1.5,EntgegenFangen_43.csv
41, 2025-02-27 08:40:17, False,0.27,0.0,1.5,EntgegenFangen_41.csv
41, 2025-02-27 08:40:27, False,0.9,0.0,1.5,EntgegenFangen_41.csv
44, 2025-02-27 08:40:46, False,4.42,0.0,1.5,EntgegenFangen_44.csv
42, 2025-02-27 08:40:46, False,1.24,0.0,1.5,EntgegenFangen_42.csv
42, 2025-02-27 08:41:01, False,0.51,0.0,1.5,EntgegenFangen_42.csv
44, 2025-02-27 08:41:08, False,0.86,0.0,1.5,EntgegenFangen_44.csv
43, 2025-02-27 08:41:31, True,2.8,0.0,1.5,EntgegenFangen_43.csv
43, 2025-02-27 08:41:40, True,1.79,0.0,1.5,EntgegenFangen_43.csv
43, 2025-02-27 08:41:46, False,0.24,0.0,1.5,EntgegenFangen_43.csv
43, 2025-02-27 08:42:01, False,0.42,0.0,1.5,EntgegenFangen_43.csv
44, 2025-02-27 08:42:11, False,3.78,0.0,1.5,EntgegenFangen_44.csv
43, 2025-02-27 08:42:43, False,0.9,0.0,1.5,EntgegenFangen_43.csv
48, 2025-02-27 08:52:38, False," 4,41"," 0,00"," 1,50",EntgegenFangen_48.csv
46, 2025-02-27 08:53:21, False,0.37,0.0,1.5,EntgegenFangen_46.csv
45, 2025-02-27 08:53:30, False,0.53,0.0,1.5,EntgegenFangen_45.csv
48, 2025-02-27 08:53:33, False," 1,30"," 0,00"," 1,50",EntgegenFangen_48.csv
47, 2025-02-27 08:53:35, False,0.25,0.0,1.5,EntgegenFangen_47.csv
45, 2025-02-27 08:53:42, False,0.63,0.0,1.5,EntgegenFangen_45.csv
47, 2025-02-27 08:53:50, True,4.2,0.0,1.5,EntgegenFangen_47.csv
47, 2025-02-27 08:53:58, False,1.54,0.0,1.5,EntgegenFangen_47.csv
48, 2025-02-27 08:54:01, False," 5,76"," 0,00"," 1,50",EntgegenFangen_48.csv
47, 2025-02-27 08:54:08, False,3.01,0.0,1.5,EntgegenFangen_47.csv
45, 2025-02-27 08:54:21, False,4.98,0.0,1.5,EntgegenFangen_45.csv
47, 2025-02-27 08:54:38, True,0.67,0.0,1.5,EntgegenFangen_47.csv
48, 2025-02-27 08:54:48, False," 3,68"," 0,00"," 1,50",EntgegenFangen_48.csv
52, 2025-02-27 08:54:51, True,0.3,0.0,1.5,EntgegenFangen_52.csv
45, 2025-02-27 08:55:01, False,0.75,0.0,1.5,EntgegenFangen_45.csv
47, 2025-02-27 08:55:02, True,3.59,0.0,1.5,EntgegenFangen_47.csv
45, 2025-02-27 08:55:11, False,1.25,0.0,1.5,EntgegenFangen_45.csv
47, 2025-02-27 08:55:12, False,0.9,0.0,1.5,EntgegenFangen_47.csv
52, 2025-02-27 08:55:15, False,0.98,0.0,1.5,EntgegenFangen_52.csv
52, 2025-02-27 08:55:23, False,0.24,0.0,1.5,EntgegenFangen_52.csv
52, 2025-02-27 08:55:34, False,4.06,0.0,1.5,EntgegenFangen_52.csv
47, 2025-02-27 08:55:50, False,1.6,0.0,1.5,EntgegenFangen_47.csv
52, 2025-02-27 08:55:57, True,0.07,0.0,1.5,EntgegenFangen_52.csv
52, 2025-02-27 08:56:01, True,1.51,0.0,1.5,EntgegenFangen_52.csv
52, 2025-02-27 08:56:05, False,0.59,0.0,1.5,EntgegenFangen_52.csv
52, 2025-02-27 08:56:12, True,0.63,0.0,1.5,EntgegenFangen_52.csv
49, 2025-02-27 08:56:13, False,1.26,0.0,1.5,EntgegenFangen_49.csv
52, 2025-02-27 08:56:33, False,0.23,0.0,1.5,EntgegenFangen_52.csv
52, 2025-02-27 08:56:38, False,1.02,0.0,1.5,EntgegenFangen_52.csv
52, 2025-02-27 08:56:43, True,0.89,0.0,1.5,EntgegenFangen_52.csv
52, 2025-02-27 08:56:47, False,2.11,0.0,1.5,EntgegenFangen_52.csv
52, 2025-02-27 08:57:11, False,0.42,0.0,1.5,EntgegenFangen_52.csv
49, 2025-02-27 08:57:13, False,8.32,0.0,1.5,EntgegenFangen_49.csv
52, 2025-02-27 08:57:27, False,3.3,0.0,1.5,EntgegenFangen_52.csv
49, 2025-02-27 08:57:28, False,7.64,0.0,1.5,EntgegenFangen_49.csv
49, 2025-02-27 08:57:40, False,6.42,0.0,1.5,EntgegenFangen_49.csv
49, 2025-02-27 08:57:54, False,8.56,0.0,1.5,EntgegenFangen_49.csv
49, 2025-02-27 08:58:14, False,3.98,0.0,1.5,EntgegenFangen_49.csv
49, 2025-02-27 08:58:25, False,1.68,0.0,1.5,EntgegenFangen_49.csv
49, 2025-02-27 08:58:38, False,3.39,0.0,1.5,EntgegenFangen_49.csv
50, 2025-02-27 09:04:50, False,0.0,0.0,1.5,EntgegenFangen_50.csv
50, 2025-02-27 09:05:17, False,1.17,0.0,1.5,EntgegenFangen_50.csv
50, 2025-02-27 09:05:28, False,0.42,0.0,1.5,EntgegenFangen_50.csv
50, 2025-02-27 09:05:50, False,0.66,0.0,1.5,EntgegenFangen_50.csv
50, 2025-02-27 09:07:15, False,0.33,0.0,1.5,EntgegenFangen_50.csv
50, 2025-02-27 09:07:21, False,0.32,0.0,1.5,EntgegenFangen_50.csv
50, 2025-02-27 09:07:28, False,5.98,0.0,1.5,EntgegenFangen_50.csv
51, 2025-02-27 09:07:48, False," 0,12"," 0,00"," 1,50",EntgegenFangen_51.csv
53, 2025-02-27 09:08:37, False,0.22,0.0,1.5,EntgegenFangen_53.csv
53, 2025-02-27 09:08:44, False,4.87,0.0,1.5,EntgegenFangen_53.csv
53, 2025-02-27 09:09:06, False,2.86,0.0,1.5,EntgegenFangen_53.csv
53, 2025-02-27 09:09:13, False,0.25,0.0,1.5,EntgegenFangen_53.csv
51, 2025-02-27 09:09:17, False," 2,62"," 0,00"," 1,50",EntgegenFangen_51.csv
51, 2025-02-27 09:09:24, False," 0,94"," 0,00"," 1,50",EntgegenFangen_51.csv
51, 2025-02-27 09:09:39, False," 1,70"," 0,00"," 1,50",EntgegenFangen_51.csv
53, 2025-02-27 09:09:43, False,1.89,0.0,1.5,EntgegenFangen_53.csv
55, 2025-02-27 09:09:54, False,0.53,0.0,1.5,EntgegenFangen_55.csv
53, 2025-02-27 09:10:00, True,1.31,0.0,1.5,EntgegenFangen_53.csv
55, 2025-02-27 09:10:04, True,0.0,0.0,1.5,EntgegenFangen_55.csv
53, 2025-02-27 09:10:13, True,0.31,0.0,1.5,EntgegenFangen_53.csv
55, 2025-02-27 09:10:24, False,0.65,0.0,1.5,EntgegenFangen_55.csv
55, 2025-02-27 09:10:47, False,1.39,0.0,1.5,EntgegenFangen_55.csv
55, 2025-02-27 09:10:56, False,0.3,0.0,1.5,EntgegenFangen_55.csv
39, 2025-02-27 09:11:35, True,8.26,0.0,1.5,EntgegenFangen_39.csv
55, 2025-02-27 09:11:39, False,0.68,0.0,1.5,EntgegenFangen_55.csv
54, 2025-02-27 09:11:44, False,8.79,0.0,1.5,EntgegenFangen_54.csv
55, 2025-02-27 09:11:48, False,1.77,0.0,1.5,EntgegenFangen_55.csv
39, 2025-02-27 09:11:51, False,1.3,0.0,1.5,EntgegenFangen_39.csv
39, 2025-02-27 09:12:02, False,0.64,0.0,1.5,EntgegenFangen_39.csv
55, 2025-02-27 09:12:08, False,0.57,0.0,1.5,EntgegenFangen_55.csv
54, 2025-02-27 09:12:15, False,2.24,0.0,1.5,EntgegenFangen_54.csv
55, 2025-02-27 09:12:16, False,2.53,0.0,1.5,EntgegenFangen_55.csv
55, 2025-02-27 09:12:25, False,0.09,0.0,1.5,EntgegenFangen_55.csv
39, 2025-02-27 09:12:42, False,1.06,0.0,1.5,EntgegenFangen_39.csv
39, 2025-02-27 09:13:19, True,2.0,0.0,1.5,EntgegenFangen_39.csv
56, 2025-02-27 09:18:50, False,0.71,0.0,1.5,EntgegenFangen_56.csv
56, 2025-02-27 09:18:59, False,0.71,0.0,1.5,EntgegenFangen_56.csv
56, 2025-02-27 09:19:11, True,6.15,0.0,1.5,EntgegenFangen_56.csv
56, 2025-02-27 09:19:32, False,1.94,0.0,1.5,EntgegenFangen_56.csv
56, 2025-02-27 09:19:46, False,0.58,0.0,1.5,EntgegenFangen_56.csv
56, 2025-02-27 09:19:51, True,1.33,0.0,1.5,EntgegenFangen_56.csv
56, 2025-02-27 09:20:00, False,1.34,0.0,1.5,EntgegenFangen_56.csv
56, 2025-02-27 09:20:10, True,2.49,0.0,1.5,EntgegenFangen_56.csv
56, 2025-02-27 09:20:18, True,0.23,0.0,1.5,EntgegenFangen_56.csv
56, 2025-02-27 09:20:24, True,4.18,0.0,1.5,EntgegenFangen_56.csv
56, 2025-02-27 09:20:57, True,0.64,0.0,1.5,EntgegenFangen_56.csv
56, 2025-02-27 09:21:04, False,7.64,0.0,1.5,EntgegenFangen_56.csv
60, 2025-02-27 09:21:20, True,1.68,0.0,1.5,EntgegenFangen_60.csv
56, 2025-02-27 09:21:32, False,0.16,0.0,1.5,EntgegenFangen_56.csv
57, 2025-02-27 09:21:50, True," 4,94"," 0,00"," 1,50",EntgegenFangen_57.csv
60, 2025-02-27 09:21:59, False,0.14,0.0,1.5,EntgegenFangen_60.csv
60, 2025-02-27 09:22:15, False,0.96,0.0,1.5,EntgegenFangen_60.csv
57, 2025-02-27 09:22:21, True," 9,04"," 0,00"," 1,50",EntgegenFangen_57.csv
57, 2025-02-27 09:22:29, True," 7,09"," 0,00"," 1,50",EntgegenFangen_57.csv
60, 2025-02-27 09:22:59, False,1.62,0.0,1.5,EntgegenFangen_60.csv
57, 2025-02-27 09:23:09, False," 0,89"," 0,00"," 1,50",EntgegenFangen_57.csv
57, 2025-02-27 09:23:21, True," 0,04"," 0,00"," 1,50",EntgegenFangen_57.csv
60, 2025-02-27 09:23:27, True,0.41,0.0,1.5,EntgegenFangen_60.csv
6, 2025-03-05 10:05:55, True," 0,17"," 0,00"," 1,50",EntgegenFangen_6.csv
6, 2025-03-05 10:06:15, True," 1,99"," 0,00"," 1,50",EntgegenFangen_6.csv
6, 2025-03-05 10:06:44, False," 0,97"," 0,00"," 1,50",EntgegenFangen_6.csv
6, 2025-03-05 10:07:07, True," 0,88"," 0,00"," 1,50",EntgegenFangen_6.csv
6, 2025-03-05 10:07:16, True," 3,86"," 0,00"," 1,50",EntgegenFangen_6.csv
6, 2025-03-05 10:07:21, False," 1,67"," 0,00"," 1,50",EntgegenFangen_6.csv
7, 2025-03-05 10:07:26, True,0.21,0.0,1.5,EntgegenFangen_7.csv
7, 2025-03-05 10:07:32, False,2.23,0.0,1.5,EntgegenFangen_7.csv
6, 2025-03-05 10:07:42, True," 0,01"," 0,00"," 1,50",EntgegenFangen_6.csv
7, 2025-03-05 10:07:43, False,1.7,0.0,1.5,EntgegenFangen_7.csv
6, 2025-03-05 10:07:48, True," 2,34"," 0,00"," 1,50",EntgegenFangen_6.csv
6, 2025-03-05 10:07:55, True," 1,33"," 0,00"," 1,50",EntgegenFangen_6.csv
7, 2025-03-05 10:07:58, False,1.47,0.0,1.5,EntgegenFangen_7.csv
6, 2025-03-05 10:08:01, True," 3,88"," 0,00"," 1,50",EntgegenFangen_6.csv
6, 2025-03-05 10:08:07, True," 2,68"," 0,00"," 1,50",EntgegenFangen_6.csv
6, 2025-03-05 10:08:13, True," 0,45"," 0,00"," 1,50",EntgegenFangen_6.csv
7, 2025-03-05 10:08:20, False,2.41,0.0,1.5,EntgegenFangen_7.csv
4, 2025-03-05 10:08:20, False,0.56,0.0,1.5,EntgegenFangen_4.csv
4, 2025-03-05 10:08:29, False,0.03,0.0,1.5,EntgegenFangen_4.csv
7, 2025-03-05 10:08:30, False,1.75,0.0,1.5,EntgegenFangen_7.csv
6, 2025-03-05 10:08:31, True," 1,34"," 0,00"," 1,50",EntgegenFangen_6.csv
7, 2025-03-05 10:08:36, False,1.71,0.0,1.5,EntgegenFangen_7.csv
6, 2025-03-05 10:08:37, False," 0,48"," 0,00"," 1,50",EntgegenFangen_6.csv
7, 2025-03-05 10:08:44, False,1.61,0.0,1.5,EntgegenFangen_7.csv
6, 2025-03-05 10:08:45, True," 1,19"," 0,00"," 1,50",EntgegenFangen_6.csv
7, 2025-03-05 10:08:57, False,0.69,0.0,1.5,EntgegenFangen_7.csv
7, 2025-03-05 10:09:03, False,0.49,0.0,1.5,EntgegenFangen_7.csv
7, 2025-03-05 10:09:09, False,0.89,0.0,1.5,EntgegenFangen_7.csv
7, 2025-03-05 10:09:15, False,1.1,0.0,1.5,EntgegenFangen_7.csv
1, 2025-03-05 10:09:17, True,1.85,0.0,1.5,EntgegenFangen_1.csv
7, 2025-03-05 10:09:25, False,7.9,0.0,1.5,EntgegenFangen_7.csv
7, 2025-03-05 10:09:45, False,1.26,0.0,1.5,EntgegenFangen_7.csv
7, 2025-03-05 10:09:52, False,0.59,0.0,1.5,EntgegenFangen_7.csv
1, 2025-03-05 10:10:14, True,0.2,0.0,1.5,EntgegenFangen_1.csv
4, 2025-03-05 10:10:21, False,0.19,0.0,1.5,EntgegenFangen_4.csv
1, 2025-03-05 10:10:22, False,1.43,0.0,1.5,EntgegenFangen_1.csv
4, 2025-03-05 10:10:28, False,2.57,0.0,1.5,EntgegenFangen_4.csv
2, 2025-03-05 10:10:28, False,1.05,0.0,1.5,EntgegenFangen_2.csv
2, 2025-03-05 10:10:36, False,0.17,0.0,1.5,EntgegenFangen_2.csv
2, 2025-03-05 10:10:45, False,0.11,0.0,1.5,EntgegenFangen_2.csv
4, 2025-03-05 10:10:54, False,0.43,0.0,1.5,EntgegenFangen_4.csv
2, 2025-03-05 10:10:59, False,0.53,0.0,1.5,EntgegenFangen_2.csv
1, 2025-03-05 10:11:01, False,1.24,0.0,1.5,EntgegenFangen_1.csv
2, 2025-03-05 10:11:05, False,0.04,0.0,1.5,EntgegenFangen_2.csv
2, 2025-03-05 10:11:14, False,0.63,0.0,1.5,EntgegenFangen_2.csv
1, 2025-03-05 10:11:21, False,2.43,0.0,1.5,EntgegenFangen_1.csv
2, 2025-03-05 10:11:22, False,0.15,0.0,1.5,EntgegenFangen_2.csv
2, 2025-03-05 10:11:39, False,0.57,0.0,1.5,EntgegenFangen_2.csv
2, 2025-03-05 10:11:49, False,0.06,0.0,1.5,EntgegenFangen_2.csv
2, 2025-03-05 10:11:58, False,0.6,0.0,1.5,EntgegenFangen_2.csv
2, 2025-03-05 10:12:07, False,3.37,0.0,1.5,EntgegenFangen_2.csv
8, 2025-03-05 10:12:14, True,1.03,0.0,1.5,EntgegenFangen_8.csv
2, 2025-03-05 10:12:15, False,2.55,0.0,1.5,EntgegenFangen_2.csv
2, 2025-03-05 10:12:24, False,0.99,0.0,1.5,EntgegenFangen_2.csv
8, 2025-03-05 10:12:26, False,1.25,0.0,1.5,EntgegenFangen_8.csv
2, 2025-03-05 10:12:30, False,2.2,0.0,1.5,EntgegenFangen_2.csv
8, 2025-03-05 10:12:37, False,2.0,0.0,1.5,EntgegenFangen_8.csv
8, 2025-03-05 10:12:45, False,0.85,0.0,1.5,EntgegenFangen_8.csv
2, 2025-03-05 10:12:46, False,0.35,0.0,1.5,EntgegenFangen_2.csv
8, 2025-03-05 10:12:53, True,0.15,0.0,1.5,EntgegenFangen_8.csv
8, 2025-03-05 10:12:59, True,0.59,0.0,1.5,EntgegenFangen_8.csv
2, 2025-03-05 10:13:06, False,0.38,0.0,1.5,EntgegenFangen_2.csv
8, 2025-03-05 10:13:14, True,2.22,0.0,1.5,EntgegenFangen_8.csv
8, 2025-03-05 10:13:21, False,0.0,0.0,1.5,EntgegenFangen_8.csv
8, 2025-03-05 10:13:45, True,8.31,0.0,1.5,EntgegenFangen_8.csv
8, 2025-03-05 10:14:00, True,0.54,0.0,1.5,EntgegenFangen_8.csv
8, 2025-03-05 10:14:05, True,0.14,0.0,1.5,EntgegenFangen_8.csv
8, 2025-03-05 10:14:17, True,2.79,0.0,1.5,EntgegenFangen_8.csv
8, 2025-03-05 10:14:36, False,1.39,0.0,1.5,EntgegenFangen_8.csv
8, 2025-03-05 10:15:03, False,1.47,0.0,1.5,EntgegenFangen_8.csv
9, 2025-03-05 10:20:24, False," 0,11"," 0,00"," 1,50",EntgegenFangen_9.csv
11, 2025-03-05 10:20:48, False,1.41,0.0,1.5,EntgegenFangen_11.csv
11, 2025-03-05 10:21:01, False,0.59,0.0,1.5,EntgegenFangen_11.csv
11, 2025-03-05 10:21:12, True,0.16,0.0,1.5,EntgegenFangen_11.csv
9, 2025-03-05 10:21:31, True," 8,21"," 0,00"," 1,50",EntgegenFangen_9.csv
11, 2025-03-05 10:21:35, False,0.91,0.0,1.5,EntgegenFangen_11.csv
9, 2025-03-05 10:21:38, True," 3,59"," 0,00"," 1,50",EntgegenFangen_9.csv
9, 2025-03-05 10:21:43, True," 1,06"," 0,00"," 1,50",EntgegenFangen_9.csv
9, 2025-03-05 10:21:48, False," 2,11"," 0,00"," 1,50",EntgegenFangen_9.csv
9, 2025-03-05 10:21:56, True," 1,35"," 0,00"," 1,50",EntgegenFangen_9.csv
11, 2025-03-05 10:22:29, False,0.42,0.0,1.5,EntgegenFangen_11.csv
12, 2025-03-05 10:22:50, True,7.1,0.0,1.5,EntgegenFangen_12.csv
12, 2025-03-05 10:23:02, False,0.77,0.0,1.5,EntgegenFangen_12.csv
13, 2025-03-05 10:23:16, False,0.67,0.0,1.5,EntgegenFangen_13.csv
11, 2025-03-05 10:23:18, False,8.46,0.0,1.5,EntgegenFangen_11.csv
14, 2025-03-05 10:24:28, False,2.57,0.0,1.5,EntgegenFangen_14.csv
13, 2025-03-05 10:24:33, False,0.88,0.0,1.5,EntgegenFangen_13.csv
12, 2025-03-05 10:24:36, False,5.44,0.0,1.5,EntgegenFangen_12.csv
14, 2025-03-05 10:24:45, False,0.03,0.0,1.5,EntgegenFangen_14.csv
13, 2025-03-05 10:24:50, False,1.07,0.0,1.5,EntgegenFangen_13.csv
14, 2025-03-05 10:25:32, False,0.11,0.0,1.5,EntgegenFangen_14.csv
14, 2025-03-05 10:25:42, False,0.28,0.0,1.5,EntgegenFangen_14.csv
16, 2025-03-05 10:26:25, True,1.27,0.0,1.5,EntgegenFangen_16.csv
16, 2025-03-05 10:26:31, True,2.61,0.0,1.5,EntgegenFangen_16.csv
14, 2025-03-05 10:26:35, False,0.47,0.0,1.5,EntgegenFangen_14.csv
16, 2025-03-05 10:26:45, True,0.73,0.0,1.5,EntgegenFangen_16.csv
14, 2025-03-05 10:26:52, False,1.9,0.0,1.5,EntgegenFangen_14.csv
16, 2025-03-05 10:26:59, False,0.67,0.0,1.5,EntgegenFangen_16.csv
16, 2025-03-05 10:27:06, False,1.68,0.0,1.5,EntgegenFangen_16.csv
16, 2025-03-05 10:27:21, True,0.2,0.0,1.5,EntgegenFangen_16.csv
16, 2025-03-05 10:27:50, False,0.09,0.0,1.5,EntgegenFangen_16.csv
16, 2025-03-05 10:28:05, True,0.33,0.0,1.5,EntgegenFangen_16.csv
16, 2025-03-05 10:28:10, True,0.12,0.0,1.5,EntgegenFangen_16.csv
18, 2025-03-05 10:37:52, False,1.95,0.0,1.5,EntgegenFangen_18.csv
18, 2025-03-05 10:38:13, False,0.75,0.0,1.5,EntgegenFangen_18.csv
18, 2025-03-05 10:38:21, False,0.1,0.0,1.5,EntgegenFangen_18.csv
18, 2025-03-05 10:38:39, False,0.25,0.0,1.5,EntgegenFangen_18.csv
20, 2025-03-05 10:38:46, False,0.27,0.0,1.5,EntgegenFangen_20.csv
20, 2025-03-05 10:38:59, False,8.12,0.0,1.5,EntgegenFangen_20.csv
20, 2025-03-05 10:39:34, False,0.43,0.0,1.5,EntgegenFangen_20.csv
20, 2025-03-05 10:39:40, False,0.34,0.0,1.5,EntgegenFangen_20.csv
20, 2025-03-05 10:39:53, False,1.04,0.0,1.5,EntgegenFangen_20.csv
21, 2025-03-05 10:40:31, False,0.49,0.0,1.5,EntgegenFangen_21.csv
20, 2025-03-05 10:40:45, False,0.1,0.0,1.5,EntgegenFangen_20.csv
20, 2025-03-05 10:40:58, False,0.87,0.0,1.5,EntgegenFangen_20.csv
21, 2025-03-05 10:41:01, True,1.84,0.0,1.5,EntgegenFangen_21.csv
20, 2025-03-05 10:41:06, False,0.08,0.0,1.5,EntgegenFangen_20.csv
20, 2025-03-05 10:41:15, False,0.09,0.0,1.5,EntgegenFangen_20.csv
21, 2025-03-05 10:41:18, False,0.76,0.0,1.5,EntgegenFangen_21.csv
21, 2025-03-05 10:41:24, False,0.38,0.0,1.5,EntgegenFangen_21.csv
20, 2025-03-05 10:41:27, False,0.36,0.0,1.5,EntgegenFangen_20.csv
21, 2025-03-05 10:41:31, False,0.09,0.0,1.5,EntgegenFangen_21.csv
21, 2025-03-05 10:41:49, True,0.4,0.0,1.5,EntgegenFangen_21.csv
21, 2025-03-05 10:42:33, False,0.92,0.0,1.5,EntgegenFangen_21.csv
22, 2025-03-05 10:42:35, False,0.22,0.0,1.5,EntgegenFangen_22.csv
22, 2025-03-05 10:42:48, False,0.94,0.0,1.5,EntgegenFangen_22.csv
22, 2025-03-05 10:42:58, False,0.31,0.0,1.5,EntgegenFangen_22.csv
22, 2025-03-05 10:43:09, False,0.28,0.0,1.5,EntgegenFangen_22.csv
22, 2025-03-05 10:43:24, False,0.72,0.0,1.5,EntgegenFangen_22.csv
23, 2025-03-05 10:43:35, True," 0,40"," 0,00"," 1,50",EntgegenFangen_23.csv
22, 2025-03-05 10:43:36, False,0.28,0.0,1.5,EntgegenFangen_22.csv
23, 2025-03-05 10:43:41, False," 0,54"," 0,00"," 1,50",EntgegenFangen_23.csv
22, 2025-03-05 10:43:42, False,0.74,0.0,1.5,EntgegenFangen_22.csv
22, 2025-03-05 10:43:56, False,1.2,0.0,1.5,EntgegenFangen_22.csv
22, 2025-03-05 10:44:13, False,0.58,0.0,1.5,EntgegenFangen_22.csv
23, 2025-03-05 10:44:14, False," 4,95"," 0,00"," 1,50",EntgegenFangen_23.csv
23, 2025-03-05 10:44:23, False," 1,52"," 0,00"," 1,50",EntgegenFangen_23.csv
22, 2025-03-05 10:44:24, False,0.55,0.0,1.5,EntgegenFangen_22.csv
23, 2025-03-05 10:44:57, False," 0,40"," 0,00"," 1,50",EntgegenFangen_23.csv
23, 2025-03-05 10:45:10, False," 5,45"," 0,00"," 1,50",EntgegenFangen_23.csv
24, 2025-03-05 10:45:44, False,1.26,0.0,1.5,EntgegenFangen_24.csv
24, 2025-03-05 10:45:56, False,0.2,0.0,1.5,EntgegenFangen_24.csv
23, 2025-03-05 10:46:09, False," 8,51"," 0,00"," 1,50",EntgegenFangen_23.csv
24, 2025-03-05 10:47:01, False,4.72,0.0,1.5,EntgegenFangen_24.csv
24, 2025-03-05 10:47:08, False,2.72,0.0,1.5,EntgegenFangen_24.csv
24, 2025-03-05 10:47:29, False,0.23,0.0,1.5,EntgegenFangen_24.csv
24, 2025-03-05 10:47:49, False,0.39,0.0,1.5,EntgegenFangen_24.csv
24, 2025-03-05 10:47:57, False,0.28,0.0,1.5,EntgegenFangen_24.csv
24, 2025-03-05 10:48:06, False,1.78,0.0,1.5,EntgegenFangen_24.csv
24, 2025-03-05 10:48:25, False,0.72,0.0,1.5,EntgegenFangen_24.csv
24, 2025-03-05 10:48:34, False,0.38,0.0,1.5,EntgegenFangen_24.csv
26, 2025-03-05 10:50:55, False,0.37,0.0,1.5,EntgegenFangen_26.csv
26, 2025-03-05 10:52:15, False,1.5,0.0,1.5,EntgegenFangen_26.csv
26, 2025-03-05 10:52:35, False,0.31,0.0,1.5,EntgegenFangen_26.csv
26, 2025-03-05 10:52:59, False,4.13,0.0,1.5,EntgegenFangen_26.csv
27, 2025-03-05 10:53:31, False,0.42,0.0,1.5,EntgegenFangen_27.csv
28, 2025-03-05 10:53:56, True,2.27,0.0,1.5,EntgegenFangen_28.csv
27, 2025-03-05 10:54:51, False,0.04,0.0,1.5,EntgegenFangen_27.csv
27, 2025-03-05 10:55:06, False,0.15,0.0,1.5,EntgegenFangen_27.csv
28, 2025-03-05 10:55:25, True,0.37,0.0,1.5,EntgegenFangen_28.csv
28, 2025-03-05 10:55:56, True,0.42,0.0,1.5,EntgegenFangen_28.csv
28, 2025-03-05 10:56:09, True,0.55,0.0,1.5,EntgegenFangen_28.csv
28, 2025-03-05 10:56:26, True,0.22,0.0,1.5,EntgegenFangen_28.csv
28, 2025-03-05 10:56:31, True,0.57,0.0,1.5,EntgegenFangen_28.csv
28, 2025-03-05 10:56:38, True,1.22,0.0,1.5,EntgegenFangen_28.csv
29, 2025-03-06 08:17:50, False,0.65,0.0,1.5,EntgegenFangen_29.csv
29, 2025-03-06 08:18:03, False,0.01,0.0,1.5,EntgegenFangen_29.csv
29, 2025-03-06 08:18:29, False,0.83,0.0,1.5,EntgegenFangen_29.csv
31, 2025-03-06 08:18:37, False," 1,42"," 0,00"," 1,50",EntgegenFangen_31.csv
29, 2025-03-06 08:18:42, False,0.06,0.0,1.5,EntgegenFangen_29.csv
31, 2025-03-06 08:18:52, False," 0,46"," 0,00"," 1,50",EntgegenFangen_31.csv
35, 2025-03-06 08:19:01, False,0.48,0.0,1.5,EntgegenFangen_35.csv
35, 2025-03-06 08:19:08, False,4.37,0.0,1.5,EntgegenFangen_35.csv
29, 2025-03-06 08:19:11, False,9.25,0.0,1.5,EntgegenFangen_29.csv
29, 2025-03-06 08:19:17, False,0.78,0.0,1.5,EntgegenFangen_29.csv
35, 2025-03-06 08:19:19, False,0.24,0.0,1.5,EntgegenFangen_35.csv
31, 2025-03-06 08:19:23, False," 3,52"," 0,00"," 1,50",EntgegenFangen_31.csv
29, 2025-03-06 08:19:24, False,1.78,0.0,1.5,EntgegenFangen_29.csv
31, 2025-03-06 08:19:29, False," 2,58"," 0,00"," 1,50",EntgegenFangen_31.csv
29, 2025-03-06 08:19:39, False,0.1,0.0,1.5,EntgegenFangen_29.csv
29, 2025-03-06 08:19:46, False,0.39,0.0,1.5,EntgegenFangen_29.csv
29, 2025-03-06 08:20:01, False,0.05,0.0,1.5,EntgegenFangen_29.csv
35, 2025-03-06 08:20:04, False,1.66,0.0,1.5,EntgegenFangen_35.csv
33, 2025-03-06 08:20:05, False,1.0,0.0,1.5,EntgegenFangen_33.csv
33, 2025-03-06 08:20:12, False,1.2,0.0,1.5,EntgegenFangen_33.csv
33, 2025-03-06 08:20:20, True,0.37,0.0,1.5,EntgegenFangen_33.csv
35, 2025-03-06 08:20:21, False,4.73,0.0,1.5,EntgegenFangen_35.csv
35, 2025-03-06 08:20:25, False,0.99,0.0,1.5,EntgegenFangen_35.csv
30, 2025-03-06 08:20:31, False,0.32,0.0,1.5,EntgegenFangen_30.csv
33, 2025-03-06 08:20:38, True,1.34,0.0,1.5,EntgegenFangen_33.csv
35, 2025-03-06 08:20:56, False,0.69,0.0,1.5,EntgegenFangen_35.csv
33, 2025-03-06 08:20:58, False,1.31,0.0,1.5,EntgegenFangen_33.csv
35, 2025-03-06 08:21:01, False,0.96,0.0,1.5,EntgegenFangen_35.csv
31, 2025-03-06 08:21:14, False," 1,97"," 0,00"," 1,50",EntgegenFangen_31.csv
35, 2025-03-06 08:21:22, False,7.23,0.0,1.5,EntgegenFangen_35.csv
35, 2025-03-06 08:21:41, False,1.36,0.0,1.5,EntgegenFangen_35.csv
30, 2025-03-06 08:21:47, False,1.93,0.0,1.5,EntgegenFangen_30.csv
33, 2025-03-06 08:22:03, False,0.25,0.0,1.5,EntgegenFangen_33.csv
33, 2025-03-06 08:22:22, True,4.41,0.0,1.5,EntgegenFangen_33.csv
33, 2025-03-06 08:22:45, True,1.55,0.0,1.5,EntgegenFangen_33.csv
34, 2025-03-06 08:24:26, False,0.27,0.0,1.5,EntgegenFangen_34.csv
37, 2025-03-06 08:31:35, False," 7,72"," 0,00"," 1,50",EntgegenFangen_37.csv
36, 2025-03-06 08:32:13, False,5.61,0.0,1.5,EntgegenFangen_36.csv
36, 2025-03-06 08:32:41, False,0.26,0.0,1.5,EntgegenFangen_36.csv
37, 2025-03-06 08:32:43, False," 6,62"," 0,00"," 1,50",EntgegenFangen_37.csv
37, 2025-03-06 08:33:02, True," 0,76"," 0,00"," 1,50",EntgegenFangen_37.csv
36, 2025-03-06 08:33:07, False,0.53,0.0,1.5,EntgegenFangen_36.csv
38, 2025-03-06 08:33:21, True,0.31,0.0,1.5,EntgegenFangen_38.csv
38, 2025-03-06 08:33:27, False,0.22,0.0,1.5,EntgegenFangen_38.csv
36, 2025-03-06 08:33:30, False,1.31,0.0,1.5,EntgegenFangen_36.csv
36, 2025-03-06 08:33:40, True,0.14,0.0,1.5,EntgegenFangen_36.csv
37, 2025-03-06 08:33:41, True," 0,42"," 0,00"," 1,50",EntgegenFangen_37.csv
36, 2025-03-06 08:33:45, False,0.98,0.0,1.5,EntgegenFangen_36.csv
37, 2025-03-06 08:33:47, False," 0,56"," 0,00"," 1,50",EntgegenFangen_37.csv
38, 2025-03-06 08:33:47, True,1.36,0.0,1.5,EntgegenFangen_38.csv
36, 2025-03-06 08:33:50, False,0.91,0.0,1.5,EntgegenFangen_36.csv
36, 2025-03-06 08:34:12, False,1.38,0.0,1.5,EntgegenFangen_36.csv
36, 2025-03-06 08:34:21, True,0.09,0.0,1.5,EntgegenFangen_36.csv
36, 2025-03-06 08:34:28, False,1.27,0.0,1.5,EntgegenFangen_36.csv
37, 2025-03-06 08:34:33, False," 0,95"," 0,00"," 1,50",EntgegenFangen_37.csv
38, 2025-03-06 08:35:18, False,2.24,0.0,1.5,EntgegenFangen_38.csv
48, 2025-03-06 08:35:21, False,4.73,0.0,1.5,EntgegenFangen_48.csv
38, 2025-03-06 08:35:36, True,1.57,0.0,1.5,EntgegenFangen_38.csv
48, 2025-03-06 08:35:46, False,0.45,0.0,1.5,EntgegenFangen_48.csv
38, 2025-03-06 08:35:47, False,3.77,0.0,1.5,EntgegenFangen_38.csv
52, 2025-03-06 08:36:43, False,1.42,0.0,1.5,EntgegenFangen_52.csv
52, 2025-03-06 08:37:04, False,2.53,0.0,1.5,EntgegenFangen_52.csv
52, 2025-03-06 08:37:29, False,1.8,0.0,1.5,EntgegenFangen_52.csv
52, 2025-03-06 08:37:48, False,0.09,0.0,1.5,EntgegenFangen_52.csv
45, 2025-03-06 08:38:36, False,0.99,0.0,1.5,EntgegenFangen_45.csv
45, 2025-03-06 08:39:30, True,0.22,0.0,1.5,EntgegenFangen_45.csv
45, 2025-03-06 08:39:49, False,0.52,0.0,1.5,EntgegenFangen_45.csv
45, 2025-03-06 08:40:06, False,1.02,0.0,1.5,EntgegenFangen_45.csv
45, 2025-03-06 08:40:19, False,1.04,0.0,1.5,EntgegenFangen_45.csv
45, 2025-03-06 08:40:29, False,1.69,0.0,1.5,EntgegenFangen_45.csv
45, 2025-03-06 08:40:50, False,1.19,0.0,1.5,EntgegenFangen_45.csv
45, 2025-03-06 08:41:03, False,4.12,0.0,1.5,EntgegenFangen_45.csv
39, 2025-03-06 08:45:47, False," 2,07"," 0,00"," 1,50",EntgegenFangen_39.csv
40, 2025-03-06 08:46:07, False,4.89,0.0,1.5,EntgegenFangen_40.csv
40, 2025-03-06 08:46:29, False,0.46,0.0,1.5,EntgegenFangen_40.csv
40, 2025-03-06 08:46:37, False,0.51,0.0,1.5,EntgegenFangen_40.csv
39, 2025-03-06 08:46:44, True," 0,70"," 0,00"," 1,50",EntgegenFangen_39.csv
39, 2025-03-06 08:46:59, False," 0,55"," 0,00"," 1,50",EntgegenFangen_39.csv
41, 2025-03-06 08:47:09, False,0.19,0.0,1.5,EntgegenFangen_41.csv
40, 2025-03-06 08:47:11, False,0.27,0.0,1.5,EntgegenFangen_40.csv
40, 2025-03-06 08:47:19, False,0.49,0.0,1.5,EntgegenFangen_40.csv
41, 2025-03-06 08:47:22, False,0.56,0.0,1.5,EntgegenFangen_41.csv
41, 2025-03-06 08:47:37, False,0.76,0.0,1.5,EntgegenFangen_41.csv
40, 2025-03-06 08:47:39, True,0.53,0.0,1.5,EntgegenFangen_40.csv
40, 2025-03-06 08:47:56, False,0.58,0.0,1.5,EntgegenFangen_40.csv
41, 2025-03-06 08:48:01, False,4.18,0.0,1.5,EntgegenFangen_41.csv
40, 2025-03-06 08:48:04, True,0.1,0.0,1.5,EntgegenFangen_40.csv
40, 2025-03-06 08:48:12, False,0.02,0.0,1.5,EntgegenFangen_40.csv
41, 2025-03-06 08:48:12, False,9.23,0.0,1.5,EntgegenFangen_41.csv
41, 2025-03-06 08:48:27, False,8.05,0.0,1.5,EntgegenFangen_41.csv
42, 2025-03-06 08:48:35, False,4.72,0.0,1.5,EntgegenFangen_42.csv
41, 2025-03-06 08:48:51, False,8.3,0.0,1.5,EntgegenFangen_41.csv
41, 2025-03-06 08:49:18, False,6.75,0.0,1.5,EntgegenFangen_41.csv
41, 2025-03-06 08:49:32, False,0.27,0.0,1.5,EntgegenFangen_41.csv
42, 2025-03-06 08:49:34, False,0.06,0.0,1.5,EntgegenFangen_42.csv
41, 2025-03-06 08:49:48, False,4.36,0.0,1.5,EntgegenFangen_41.csv
43, 2025-03-06 08:50:40, False,0.47,0.0,1.5,EntgegenFangen_43.csv
43, 2025-03-06 08:50:51, True,0.68,0.0,1.5,EntgegenFangen_43.csv
43, 2025-03-06 08:51:07, False,0.92,0.0,1.5,EntgegenFangen_43.csv
43, 2025-03-06 08:51:43, False,0.84,0.0,1.5,EntgegenFangen_43.csv
44, 2025-03-06 08:51:59, False,0.5,0.0,1.5,EntgegenFangen_44.csv
43, 2025-03-06 08:52:10, False,5.66,0.0,1.5,EntgegenFangen_43.csv
43, 2025-03-06 08:52:24, False,0.06,0.0,1.5,EntgegenFangen_43.csv
44, 2025-03-06 08:52:31, False,0.22,0.0,1.5,EntgegenFangen_44.csv
43, 2025-03-06 08:52:37, False,0.17,0.0,1.5,EntgegenFangen_43.csv
44, 2025-03-06 08:53:03, True,0.44,0.0,1.5,EntgegenFangen_44.csv
44, 2025-03-06 08:53:08, False,2.02,0.0,1.5,EntgegenFangen_44.csv
44, 2025-03-06 08:53:38, False,0.1,0.0,1.5,EntgegenFangen_44.csv
44, 2025-03-06 08:53:49, False,2.49,0.0,1.5,EntgegenFangen_44.csv
44, 2025-03-06 08:54:03, False,1.01,0.0,1.5,EntgegenFangen_44.csv
44, 2025-03-06 08:54:13, False,0.94,0.0,1.5,EntgegenFangen_44.csv
44, 2025-03-06 08:54:21, False,0.97,0.0,1.5,EntgegenFangen_44.csv
51, 2025-03-06 08:58:49, False," 2,07"," 0,00"," 1,50",EntgegenFangen_51.csv
51, 2025-03-06 08:58:59, True," 0,31"," 0,00"," 1,50",EntgegenFangen_51.csv
51, 2025-03-06 08:59:05, True," 1,01"," 0,00"," 1,50",EntgegenFangen_51.csv
51, 2025-03-06 08:59:50, False," 1,09"," 0,00"," 1,50",EntgegenFangen_51.csv
51, 2025-03-06 09:00:19, False," 1,24"," 0,00"," 1,50",EntgegenFangen_51.csv
53, 2025-03-06 09:00:20, False,2.38,0.0,1.5,EntgegenFangen_53.csv
53, 2025-03-06 09:00:38, False,1.73,0.0,1.5,EntgegenFangen_53.csv
53, 2025-03-06 09:00:47, False,0.34,0.0,1.5,EntgegenFangen_53.csv
51, 2025-03-06 09:00:53, False," 4,15"," 0,00"," 1,50",EntgegenFangen_51.csv
53, 2025-03-06 09:00:54, False,0.45,0.0,1.5,EntgegenFangen_53.csv
51, 2025-03-06 09:00:59, False," 0,32"," 0,00"," 1,50",EntgegenFangen_51.csv
53, 2025-03-06 09:01:34, False,1.92,0.0,1.5,EntgegenFangen_53.csv
53, 2025-03-06 09:01:44, False,0.06,0.0,1.5,EntgegenFangen_53.csv
53, 2025-03-06 09:01:51, False,0.27,0.0,1.5,EntgegenFangen_53.csv
53, 2025-03-06 09:01:59, False,0.78,0.0,1.5,EntgegenFangen_53.csv
53, 2025-03-06 09:02:13, True,0.29,0.0,1.5,EntgegenFangen_53.csv
53, 2025-03-06 09:02:41, True,0.22,0.0,1.5,EntgegenFangen_53.csv
54, 2025-03-06 09:03:07, False,1.14,0.0,1.5,EntgegenFangen_54.csv
54, 2025-03-06 09:03:22, False,7.52,0.0,1.5,EntgegenFangen_54.csv
54, 2025-03-06 09:03:38, True,8.45,0.0,1.5,EntgegenFangen_54.csv
54, 2025-03-06 09:03:56, False,0.83,0.0,1.5,EntgegenFangen_54.csv
57, 2025-03-06 09:03:57, False,0.1,0.0,1.5,EntgegenFangen_57.csv
57, 2025-03-06 09:04:02, True,3.43,0.0,1.5,EntgegenFangen_57.csv
57, 2025-03-06 09:04:31, False,8.02,0.0,1.5,EntgegenFangen_57.csv
57, 2025-03-06 09:04:45, True,6.97,0.0,1.5,EntgegenFangen_57.csv
54, 2025-03-06 09:04:46, False,1.34,0.0,1.5,EntgegenFangen_54.csv
57, 2025-03-06 09:05:41, False,0.48,0.0,1.5,EntgegenFangen_57.csv
55, 2025-03-06 09:06:08, False,0.86,0.0,1.5,EntgegenFangen_55.csv
55, 2025-03-06 09:06:19, False,0.48,0.0,1.5,EntgegenFangen_55.csv
57, 2025-03-06 09:06:45, False,0.38,0.0,1.5,EntgegenFangen_57.csv
55, 2025-03-06 09:06:51, False,0.19,0.0,1.5,EntgegenFangen_55.csv
55, 2025-03-06 09:07:02, False,1.12,0.0,1.5,EntgegenFangen_55.csv
55, 2025-03-06 09:07:38, False,0.73,0.0,1.5,EntgegenFangen_55.csv
55, 2025-03-06 09:07:59, False,0.04,0.0,1.5,EntgegenFangen_55.csv
55, 2025-03-06 09:08:07, False,0.38,0.0,1.5,EntgegenFangen_55.csv
59, 2025-03-06 09:08:12, False,1.96,0.0,1.5,EntgegenFangen_59.csv
55, 2025-03-06 09:08:14, False,0.95,0.0,1.5,EntgegenFangen_55.csv
55, 2025-03-06 09:08:24, False,0.49,0.0,1.5,EntgegenFangen_55.csv
55, 2025-03-06 09:08:32, False,0.49,0.0,1.5,EntgegenFangen_55.csv
59, 2025-03-06 09:08:39, False,0.25,0.0,1.5,EntgegenFangen_59.csv
55, 2025-03-06 09:08:49, False,0.18,0.0,1.5,EntgegenFangen_55.csv
59, 2025-03-06 09:08:52, False,2.36,0.0,1.5,EntgegenFangen_59.csv
59, 2025-03-06 09:09:44, False,6.48,0.0,1.5,EntgegenFangen_59.csv
60, 2025-03-06 09:14:02, True," 0,19"," 0,00"," 1,50",EntgegenFangen_60.csv
60, 2025-03-06 09:14:21, False," 5,35"," 0,00"," 1,50",EntgegenFangen_60.csv
