ID,TrialIndex,Repetitions,TrialInfo,Group,Gender
123,1,7.0,1,Kontrollgruppe,w
123,2,2.0,1,Kontrollgruppe,w
123,3,5.0,1,Kontrollgruppe,w
123,4,6.0,1,Kontrollgruppe,w
123,5,6.0,1,Kontrollgruppe,w
123,6,5.0,2,Kontrollgruppe,w
123,7,2.0,2,Kontrollgruppe,w
123,8,9.0,2,Kontrollgruppe,w
123,9,14.0,2,Kontrollgruppe,w
123,10,4.0,2,Kontrollgruppe,w
123,11,6.0,3,Kontrollgruppe,w
123,12,5.0,3,Kontrollgruppe,w
123,13,4.0,3,Kontrollgruppe,w
123,14,5.0,3,Kontrollgruppe,w
123,15,7.0,3,Kontrollgruppe,w
123,16,13.0,4,Kontrollgruppe,w
123,17,14.0,4,Kontrollgruppe,w
123,18,28.0,4,Kontrollgruppe,w
123,19,15.0,4,Kontrollgruppe,w
123,20,9.0,4,Kontrollgruppe,w
124,1,6.0,2,Kontrollgruppe,m
124,2,36.0,2,Kontrollgruppe,m
124,3,6.0,2,Kontrollgruppe,m
124,4,24.0,2,Kontrollgruppe,m
124,5,25.0,2,Kontrollgruppe,m
124,6,63.0,3,Kontrollgruppe,m
124,7,10.0,3,Kontrollgruppe,m
124,8,32.0,3,Kontrollgruppe,m
124,9,31.0,3,Kontrollgruppe,m
124,10,5.0,3,Kontrollgruppe,m
124,11,57.0,4,Kontrollgruppe,m
124,12,20.0,4,Kontrollgruppe,m
124,13,6.0,4,Kontrollgruppe,m
124,14,29.0,4,Kontrollgruppe,m
124,15,18.0,4,Kontrollgruppe,m
125,1,12.0,2,Kontrollgruppe,w
125,2,17.0,2,Kontrollgruppe,w
125,3,2.0,2,Kontrollgruppe,w
125,4,8.0,2,Kontrollgruppe,w
125,5,7.0,2,Kontrollgruppe,w
125,6,13.0,3,Kontrollgruppe,w
125,7,8.0,3,Kontrollgruppe,w
125,8,6.0,3,Kontrollgruppe,w
125,9,6.0,3,Kontrollgruppe,w
125,10,6.0,3,Kontrollgruppe,w
125,11,5.0,4,Kontrollgruppe,w
125,12,4.0,4,Kontrollgruppe,w
125,13,19.0,4,Kontrollgruppe,w
125,14,8.0,4,Kontrollgruppe,w
125,15,10.0,4,Kontrollgruppe,w
126,1,7.0,1,Kontrollgruppe,w
126,2,4.0,1,Kontrollgruppe,w
126,3,1.0,1,Kontrollgruppe,w
126,4,13.0,1,Kontrollgruppe,w
126,5,4.0,1,Kontrollgruppe,w
126,6,14.0,2,Kontrollgruppe,w
126,7,9.0,2,Kontrollgruppe,w
126,8,4.0,2,Kontrollgruppe,w
126,9,5.0,2,Kontrollgruppe,w
126,10,3.0,2,Kontrollgruppe,w
126,11,13.0,4,Kontrollgruppe,w
126,12,5.0,4,Kontrollgruppe,w
126,13,13.0,4,Kontrollgruppe,w
126,14,3.0,4,Kontrollgruppe,w
126,15,3.0,4,Kontrollgruppe,w
127,1,100.0,1,Kontrollgruppe,m
127,2,95.0,1,Kontrollgruppe,m
127,3,72.0,1,Kontrollgruppe,m
127,4,100.0,1,Kontrollgruppe,m
127,5,100.0,1,Kontrollgruppe,m
127,6,100.0,2,Kontrollgruppe,m
127,7,98.0,2,Kontrollgruppe,m
127,8,100.0,2,Kontrollgruppe,m
127,9,100.0,2,Kontrollgruppe,m
127,10,97.0,2,Kontrollgruppe,m
127,11,100.0,3,Kontrollgruppe,m
127,12,95.0,3,Kontrollgruppe,m
127,13,87.0,3,Kontrollgruppe,m
127,14,100.0,3,Kontrollgruppe,m
127,15,90.0,3,Kontrollgruppe,m
127,16,100.0,4,Kontrollgruppe,m
127,17,87.0,4,Kontrollgruppe,m
127,18,95.0,4,Kontrollgruppe,m
127,19,100.0,4,Kontrollgruppe,m
127,20,99.0,4,Kontrollgruppe,m
128,1,8.0,2,Kontrollgruppe,w
128,2,17.0,2,Kontrollgruppe,w
128,3,25.0,2,Kontrollgruppe,w
128,4,12.0,2,Kontrollgruppe,w
128,5,6.0,2,Kontrollgruppe,w
128,6,31.0,3,Kontrollgruppe,w
128,7,4.0,3,Kontrollgruppe,w
128,8,22.0,3,Kontrollgruppe,w
128,9,11.0,3,Kontrollgruppe,w
128,10,12.0,3,Kontrollgruppe,w
128,11,11.0,4,Kontrollgruppe,w
128,12,22.0,4,Kontrollgruppe,w
128,13,17.0,4,Kontrollgruppe,w
128,14,24.0,4,Kontrollgruppe,w
128,15,41.0,4,Kontrollgruppe,w
129,1,4.0,1,Kontrollgruppe,w
129,2,6.0,1,Kontrollgruppe,w
129,3,9.0,1,Kontrollgruppe,w
129,4,3.0,1,Kontrollgruppe,w
129,5,8.0,1,Kontrollgruppe,w
129,6,4.0,2,Kontrollgruppe,w
129,7,11.0,2,Kontrollgruppe,w
129,8,6.0,2,Kontrollgruppe,w
129,9,4.0,2,Kontrollgruppe,w
129,10,10.0,2,Kontrollgruppe,w
129,11,3.0,4,Kontrollgruppe,w
129,12,14.0,4,Kontrollgruppe,w
129,13,2.0,4,Kontrollgruppe,w
129,14,3.0,4,Kontrollgruppe,w
129,15,3.0,4,Kontrollgruppe,w
130,1,2.0,1,Kontrollgruppe,w
130,2,19.0,1,Kontrollgruppe,w
130,3,4.0,1,Kontrollgruppe,w
130,4,10.0,1,Kontrollgruppe,w
130,5,5.0,1,Kontrollgruppe,w
130,6,5.0,2,Kontrollgruppe,w
130,7,19.0,2,Kontrollgruppe,w
130,8,12.0,2,Kontrollgruppe,w
130,9,10.0,2,Kontrollgruppe,w
130,10,5.0,2,Kontrollgruppe,w
130,11,5.0,3,Kontrollgruppe,w
130,12,20.0,3,Kontrollgruppe,w
130,13,12.0,3,Kontrollgruppe,w
130,14,22.0,3,Kontrollgruppe,w
130,15,9.0,3,Kontrollgruppe,w
130,16,30.0,4,Kontrollgruppe,w
130,17,23.0,4,Kontrollgruppe,w
130,18,2.0,4,Kontrollgruppe,w
130,19,7.0,4,Kontrollgruppe,w
130,20,8.0,4,Kontrollgruppe,w
131,1,34.0,1,Kontrollgruppe,w
131,2,73.0,1,Kontrollgruppe,w
131,3,43.0,1,Kontrollgruppe,w
131,4,8.0,1,Kontrollgruppe,w
131,5,6.0,1,Kontrollgruppe,w
131,6,80.0,3,Kontrollgruppe,w
131,7,2.0,3,Kontrollgruppe,w
131,8,45.0,3,Kontrollgruppe,w
131,9,14.0,3,Kontrollgruppe,w
131,10,7.0,3,Kontrollgruppe,w
132,1,8.0,1,Kontrollgruppe,m
132,2,33.0,1,Kontrollgruppe,m
132,3,29.0,1,Kontrollgruppe,m
132,4,17.0,1,Kontrollgruppe,m
132,5,36.0,1,Kontrollgruppe,m
132,6,17.0,2,Kontrollgruppe,m
132,7,62.0,2,Kontrollgruppe,m
132,8,16.0,2,Kontrollgruppe,m
132,9,21.0,2,Kontrollgruppe,m
132,10,31.0,2,Kontrollgruppe,m
132,11,33.0,3,Kontrollgruppe,m
132,12,48.0,3,Kontrollgruppe,m
132,13,61.0,3,Kontrollgruppe,m
132,14,69.0,3,Kontrollgruppe,m
132,15,46.0,3,Kontrollgruppe,m
133,1,100.0,1,Kontrollgruppe,m
133,2,99.0,1,Kontrollgruppe,m
133,3,95.0,1,Kontrollgruppe,m
133,4,100.0,1,Kontrollgruppe,m
133,5,100.0,1,Kontrollgruppe,m
133,6,100.0,2,Kontrollgruppe,m
133,7,100.0,2,Kontrollgruppe,m
133,8,100.0,2,Kontrollgruppe,m
133,9,100.0,2,Kontrollgruppe,m
133,10,100.0,2,Kontrollgruppe,m
133,11,100.0,3,Kontrollgruppe,m
133,12,100.0,3,Kontrollgruppe,m
133,13,100.0,3,Kontrollgruppe,m
133,14,100.0,3,Kontrollgruppe,m
133,15,100.0,3,Kontrollgruppe,m
133,16,100.0,4,Kontrollgruppe,m
133,17,100.0,4,Kontrollgruppe,m
133,18,100.0,4,Kontrollgruppe,m
133,19,100.0,4,Kontrollgruppe,m
133,20,100.0,4,Kontrollgruppe,m
134,1,95.0,1,Kontrollgruppe,m
134,2,100.0,1,Kontrollgruppe,m
134,3,99.0,1,Kontrollgruppe,m
134,4,100.0,1,Kontrollgruppe,m
134,5,100.0,1,Kontrollgruppe,m
134,6,100.0,2,Kontrollgruppe,m
134,7,95.0,2,Kontrollgruppe,m
134,8,100.0,2,Kontrollgruppe,m
134,9,98.0,2,Kontrollgruppe,m
134,10,100.0,2,Kontrollgruppe,m
134,11,98.0,3,Kontrollgruppe,m
134,12,100.0,3,Kontrollgruppe,m
134,13,100.0,3,Kontrollgruppe,m
134,14,90.0,3,Kontrollgruppe,m
134,15,85.0,3,Kontrollgruppe,m
134,16,100.0,4,Kontrollgruppe,m
134,17,100.0,4,Kontrollgruppe,m
134,18,100.0,4,Kontrollgruppe,m
134,19,100.0,4,Kontrollgruppe,m
134,20,100.0,4,Kontrollgruppe,m
135,1,6.0,1,Kontrollgruppe,m
135,2,15.0,1,Kontrollgruppe,m
135,3,3.0,1,Kontrollgruppe,m
135,4,16.0,1,Kontrollgruppe,m
135,5,7.0,1,Kontrollgruppe,m
135,6,4.0,2,Kontrollgruppe,m
135,7,2.0,2,Kontrollgruppe,m
135,8,23.0,2,Kontrollgruppe,m
135,9,12.0,2,Kontrollgruppe,m
135,10,10.0,2,Kontrollgruppe,m
135,11,10.0,3,Kontrollgruppe,m
135,12,10.0,3,Kontrollgruppe,m
135,13,7.0,3,Kontrollgruppe,m
135,14,14.0,3,Kontrollgruppe,m
135,15,12.0,3,Kontrollgruppe,m
135,16,20.0,4,Kontrollgruppe,m
135,17,7.0,4,Kontrollgruppe,m
135,18,7.0,4,Kontrollgruppe,m
135,19,9.0,4,Kontrollgruppe,m
135,20,5.0,4,Kontrollgruppe,m
136,1,84.0,1,Kontrollgruppe,m
136,2,46.0,1,Kontrollgruppe,m
136,3,100.0,1,Kontrollgruppe,m
136,4,100.0,1,Kontrollgruppe,m
136,5,46.0,1,Kontrollgruppe,m
136,6,100.0,2,Kontrollgruppe,m
136,7,100.0,2,Kontrollgruppe,m
136,8,87.0,2,Kontrollgruppe,m
136,9,75.0,2,Kontrollgruppe,m
136,10,100.0,2,Kontrollgruppe,m
136,11,100.0,4,Kontrollgruppe,m
136,12,100.0,4,Kontrollgruppe,m
136,13,37.0,4,Kontrollgruppe,m
136,14,100.0,4,Kontrollgruppe,m
136,15,100.0,4,Kontrollgruppe,m
137,1,3.0,2,Kontrollgruppe,w
137,2,13.0,2,Kontrollgruppe,w
137,3,8.0,2,Kontrollgruppe,w
137,4,9.0,2,Kontrollgruppe,w
137,5,18.0,2,Kontrollgruppe,w
137,6,4.0,3,Kontrollgruppe,w
137,7,2.0,3,Kontrollgruppe,w
137,8,6.0,3,Kontrollgruppe,w
137,9,4.0,3,Kontrollgruppe,w
137,10,20.0,3,Kontrollgruppe,w
137,11,36.0,4,Kontrollgruppe,w
137,12,5.0,4,Kontrollgruppe,w
137,13,12.0,4,Kontrollgruppe,w
137,14,38.0,4,Kontrollgruppe,w
137,15,8.0,4,Kontrollgruppe,w
138,1,23.0,1,Kontrollgruppe,m
138,2,15.0,1,Kontrollgruppe,m
138,3,7.0,1,Kontrollgruppe,m
138,4,15.0,1,Kontrollgruppe,m
138,5,48.0,1,Kontrollgruppe,m
138,6,81.0,2,Kontrollgruppe,m
138,7,35.0,2,Kontrollgruppe,m
138,8,39.0,2,Kontrollgruppe,m
138,9,3.0,2,Kontrollgruppe,m
138,10,31.0,2,Kontrollgruppe,m
138,11,100.0,3,Kontrollgruppe,m
138,12,46.0,3,Kontrollgruppe,m
138,13,15.0,3,Kontrollgruppe,m
138,14,2.0,3,Kontrollgruppe,m
138,15,15.0,3,Kontrollgruppe,m
138,16,21.0,4,Kontrollgruppe,m
138,17,2.0,4,Kontrollgruppe,m
138,18,2.0,4,Kontrollgruppe,m
138,19,9.0,4,Kontrollgruppe,m
138,20,100.0,4,Kontrollgruppe,m
139,1,39.0,1,Kontrollgruppe,w
139,2,100.0,1,Kontrollgruppe,w
139,3,14.0,1,Kontrollgruppe,w
139,4,44.0,1,Kontrollgruppe,w
139,5,100.0,1,Kontrollgruppe,w
139,6,100.0,2,Kontrollgruppe,w
139,7,100.0,2,Kontrollgruppe,w
139,8,100.0,2,Kontrollgruppe,w
139,9,100.0,2,Kontrollgruppe,w
139,10,100.0,2,Kontrollgruppe,w
139,11,100.0,3,Kontrollgruppe,w
139,12,70.0,3,Kontrollgruppe,w
139,13,13.0,3,Kontrollgruppe,w
139,14,30.0,3,Kontrollgruppe,w
139,15,30.0,3,Kontrollgruppe,w
139,16,100.0,4,Kontrollgruppe,w
139,17,19.0,4,Kontrollgruppe,w
139,18,100.0,4,Kontrollgruppe,w
139,19,67.0,4,Kontrollgruppe,w
139,20,79.0,4,Kontrollgruppe,w
140,1,2.0,1,Kontrollgruppe,m
140,2,7.0,1,Kontrollgruppe,m
140,3,6.0,1,Kontrollgruppe,m
140,4,3.0,1,Kontrollgruppe,m
140,5,4.0,1,Kontrollgruppe,m
140,6,2.0,2,Kontrollgruppe,m
140,7,27.0,2,Kontrollgruppe,m
140,8,3.0,2,Kontrollgruppe,m
140,9,12.0,2,Kontrollgruppe,m
140,10,10.0,2,Kontrollgruppe,m
140,11,12.0,3,Kontrollgruppe,m
140,12,8.0,3,Kontrollgruppe,m
140,13,12.0,3,Kontrollgruppe,m
140,14,9.0,3,Kontrollgruppe,m
140,15,2.0,3,Kontrollgruppe,m
141,1,14.0,1,Kontrollgruppe,m
141,2,4.0,1,Kontrollgruppe,m
141,3,20.0,1,Kontrollgruppe,m
141,4,14.0,1,Kontrollgruppe,m
141,5,16.0,1,Kontrollgruppe,m
141,6,27.0,2,Kontrollgruppe,m
141,7,19.0,2,Kontrollgruppe,m
141,8,11.0,2,Kontrollgruppe,m
141,9,8.0,2,Kontrollgruppe,m
141,10,22.0,2,Kontrollgruppe,m
141,11,35.0,3,Kontrollgruppe,m
141,12,13.0,3,Kontrollgruppe,m
141,13,6.0,3,Kontrollgruppe,m
141,14,12.0,3,Kontrollgruppe,m
141,15,33.0,3,Kontrollgruppe,m
141,16,10.0,4,Kontrollgruppe,m
141,17,40.0,4,Kontrollgruppe,m
141,18,7.0,4,Kontrollgruppe,m
141,19,16.0,4,Kontrollgruppe,m
141,20,16.0,4,Kontrollgruppe,m
142,1,29.0,1,Kontrollgruppe,m
142,2,5.0,1,Kontrollgruppe,m
142,3,21.0,1,Kontrollgruppe,m
142,4,9.0,1,Kontrollgruppe,m
142,5,52.0,1,Kontrollgruppe,m
142,6,27.0,2,Kontrollgruppe,m
142,7,7.0,2,Kontrollgruppe,m
142,8,51.0,2,Kontrollgruppe,m
142,9,32.0,2,Kontrollgruppe,m
142,10,4.0,2,Kontrollgruppe,m
142,11,14.0,4,Kontrollgruppe,m
142,12,3.0,4,Kontrollgruppe,m
142,13,9.0,4,Kontrollgruppe,m
142,14,30.0,4,Kontrollgruppe,m
142,15,2.0,4,Kontrollgruppe,m
143,1,4.0,1,Kontrollgruppe,w
143,2,4.0,1,Kontrollgruppe,w
143,3,3.0,1,Kontrollgruppe,w
143,4,3.0,1,Kontrollgruppe,w
143,5,4.0,1,Kontrollgruppe,w
143,6,1.0,2,Kontrollgruppe,w
143,7,3.0,2,Kontrollgruppe,w
143,8,4.0,2,Kontrollgruppe,w
143,9,2.0,2,Kontrollgruppe,w
143,10,3.0,2,Kontrollgruppe,w
143,11,4.0,3,Kontrollgruppe,w
143,12,2.0,3,Kontrollgruppe,w
143,13,4.0,3,Kontrollgruppe,w
143,14,6.0,3,Kontrollgruppe,w
143,15,1.0,3,Kontrollgruppe,w
143,16,2.0,4,Kontrollgruppe,w
143,17,2.0,4,Kontrollgruppe,w
143,18,2.0,4,Kontrollgruppe,w
143,19,3.0,4,Kontrollgruppe,w
143,20,2.0,4,Kontrollgruppe,w
144,1,85.0,1,Kontrollgruppe,m
144,2,70.0,1,Kontrollgruppe,m
144,3,61.0,1,Kontrollgruppe,m
144,4,53.0,1,Kontrollgruppe,m
144,5,27.0,1,Kontrollgruppe,m
144,6,100.0,2,Kontrollgruppe,m
144,7,60.0,2,Kontrollgruppe,m
144,8,50.0,2,Kontrollgruppe,m
144,9,70.0,2,Kontrollgruppe,m
144,10,43.0,2,Kontrollgruppe,m
144,11,100.0,3,Kontrollgruppe,m
144,12,100.0,3,Kontrollgruppe,m
144,13,100.0,3,Kontrollgruppe,m
144,14,100.0,3,Kontrollgruppe,m
144,15,100.0,3,Kontrollgruppe,m
144,16,90.0,4,Kontrollgruppe,m
144,17,80.0,4,Kontrollgruppe,m
144,18,75.0,4,Kontrollgruppe,m
144,19,81.0,4,Kontrollgruppe,m
144,20,100.0,4,Kontrollgruppe,m
145,1,26.0,1,Kontrollgruppe,w
145,2,3.0,1,Kontrollgruppe,w
145,3,12.0,1,Kontrollgruppe,w
145,4,24.0,1,Kontrollgruppe,w
145,5,38.0,1,Kontrollgruppe,w
145,6,29.0,2,Kontrollgruppe,w
145,7,52.0,2,Kontrollgruppe,w
145,8,76.0,2,Kontrollgruppe,w
145,9,23.0,2,Kontrollgruppe,w
145,10,40.0,2,Kontrollgruppe,w
145,11,20.0,4,Kontrollgruppe,w
145,12,100.0,4,Kontrollgruppe,w
145,13,21.0,4,Kontrollgruppe,w
145,14,22.0,4,Kontrollgruppe,w
145,15,38.0,4,Kontrollgruppe,w
146,1,3.0,1,Kontrollgruppe,w
146,2,4.0,1,Kontrollgruppe,w
146,3,9.0,1,Kontrollgruppe,w
146,4,5.0,1,Kontrollgruppe,w
146,5,29.0,1,Kontrollgruppe,w
146,6,33.0,2,Kontrollgruppe,w
146,7,12.0,2,Kontrollgruppe,w
146,8,39.0,2,Kontrollgruppe,w
146,9,27.0,2,Kontrollgruppe,w
146,10,40.0,2,Kontrollgruppe,w
146,11,37.0,3,Kontrollgruppe,w
146,12,51.0,3,Kontrollgruppe,w
146,13,20.0,3,Kontrollgruppe,w
146,14,46.0,3,Kontrollgruppe,w
146,15,3.0,3,Kontrollgruppe,w
147,1,6.0,1,Kontrollgruppe,w
147,2,1.0,1,Kontrollgruppe,w
147,3,15.0,1,Kontrollgruppe,w
147,4,1.0,1,Kontrollgruppe,w
147,5,7.0,1,Kontrollgruppe,w
147,6,13.0,2,Kontrollgruppe,w
147,7,3.0,2,Kontrollgruppe,w
147,8,5.0,2,Kontrollgruppe,w
147,9,12.0,2,Kontrollgruppe,w
147,10,12.0,2,Kontrollgruppe,w
147,11,20.0,3,Kontrollgruppe,w
147,12,5.0,3,Kontrollgruppe,w
147,13,4.0,3,Kontrollgruppe,w
147,14,15.0,3,Kontrollgruppe,w
147,15,10.0,3,Kontrollgruppe,w
148,1,2.0,1,Kontrollgruppe,w
148,2,6.0,1,Kontrollgruppe,w
148,3,7.0,1,Kontrollgruppe,w
148,4,9.0,1,Kontrollgruppe,w
148,5,2.0,1,Kontrollgruppe,w
148,6,4.0,2,Kontrollgruppe,w
148,7,3.0,2,Kontrollgruppe,w
148,8,2.0,2,Kontrollgruppe,w
148,9,2.0,2,Kontrollgruppe,w
148,10,4.0,2,Kontrollgruppe,w
148,11,3.0,3,Kontrollgruppe,w
148,12,6.0,3,Kontrollgruppe,w
148,13,12.0,3,Kontrollgruppe,w
148,14,24.0,3,Kontrollgruppe,w
148,15,9.0,3,Kontrollgruppe,w
148,16,7.0,4,Kontrollgruppe,w
148,17,11.0,4,Kontrollgruppe,w
148,18,5.0,4,Kontrollgruppe,w
148,19,8.0,4,Kontrollgruppe,w
148,20,18.0,4,Kontrollgruppe,w
149,1,19.0,4,Kontrollgruppe,m
149,2,24.0,4,Kontrollgruppe,m
149,3,17.0,4,Kontrollgruppe,m
149,4,19.0,4,Kontrollgruppe,m
149,5,35.0,4,Kontrollgruppe,m
150,1,11.0,1,Kontrollgruppe,w
150,2,2.0,1,Kontrollgruppe,w
150,3,1.0,1,Kontrollgruppe,w
150,4,12.0,1,Kontrollgruppe,w
150,5,19.0,1,Kontrollgruppe,w
150,6,32.0,3,Kontrollgruppe,w
150,7,32.0,3,Kontrollgruppe,w
150,8,26.0,3,Kontrollgruppe,w
150,9,8.0,3,Kontrollgruppe,w
150,10,12.0,3,Kontrollgruppe,w
150,11,22.0,4,Kontrollgruppe,w
150,12,10.0,4,Kontrollgruppe,w
150,13,19.0,4,Kontrollgruppe,w
150,14,36.0,4,Kontrollgruppe,w
150,15,19.0,4,Kontrollgruppe,w
151,1,7.0,2,Kontrollgruppe,w
151,2,34.0,2,Kontrollgruppe,w
151,3,7.0,2,Kontrollgruppe,w
151,4,46.0,2,Kontrollgruppe,w
151,5,19.0,2,Kontrollgruppe,w
151,6,100.0,3,Kontrollgruppe,w
151,7,59.0,3,Kontrollgruppe,w
151,8,44.0,3,Kontrollgruppe,w
151,9,9.0,3,Kontrollgruppe,w
151,10,58.0,3,Kontrollgruppe,w
151,11,71.0,4,Kontrollgruppe,w
151,12,37.0,4,Kontrollgruppe,w
151,13,74.0,4,Kontrollgruppe,w
151,14,40.0,4,Kontrollgruppe,w
151,15,41.0,4,Kontrollgruppe,w
61,1,12.0,1,RL,w
61,2,12.0,1,RL,w
61,3,6.0,1,RL,w
61,4,11.0,1,RL,w
61,5,20.0,1,RL,w
61,6,15.0,2,RL,w
61,7,10.0,2,RL,w
61,8,11.0,2,RL,w
61,9,8.0,2,RL,w
61,10,25.0,2,RL,w
61,11,16.0,3,RL,w
61,12,22.0,3,RL,w
61,13,25.0,3,RL,w
61,14,30.0,3,RL,w
61,15,42.0,3,RL,w
61,16,10.0,4,RL,w
61,17,22.0,4,RL,w
61,18,53.0,4,RL,w
61,19,18.0,4,RL,w
61,20,68.0,4,RL,w
62,1,45.0,1,RL,m
62,2,15.0,1,RL,m
62,3,20.0,1,RL,m
62,4,72.0,1,RL,m
62,5,10.0,1,RL,m
62,6,100.0,2,RL,m
62,7,100.0,2,RL,m
62,8,3.0,2,RL,m
62,9,27.0,2,RL,m
62,10,22.0,2,RL,m
62,11,100.0,3,RL,m
62,12,100.0,3,RL,m
62,13,69.0,3,RL,m
62,14,92.0,3,RL,m
62,15,100.0,3,RL,m
62,16,100.0,4,RL,m
62,17,100.0,4,RL,m
62,18,100.0,4,RL,m
62,19,100.0,4,RL,m
62,20,100.0,4,RL,m
63,1,38.0,1,RL,w
63,2,11.0,1,RL,w
63,3,19.0,1,RL,w
63,4,12.0,1,RL,w
63,5,11.0,1,RL,w
63,6,26.0,2,RL,w
63,7,29.0,2,RL,w
63,8,31.0,2,RL,w
63,9,20.0,2,RL,w
63,10,41.0,2,RL,w
63,11,28.0,3,RL,w
63,12,32.0,3,RL,w
63,13,27.0,3,RL,w
63,14,35.0,3,RL,w
63,15,36.0,3,RL,w
63,16,29.0,4,RL,w
63,17,31.0,4,RL,w
63,18,18.0,4,RL,w
63,19,20.0,4,RL,w
63,20,89.0,4,RL,w
64,1,5.0,1,RL,w
64,2,5.0,1,RL,w
64,3,4.0,1,RL,w
64,4,8.0,1,RL,w
64,5,4.0,1,RL,w
64,6,3.0,2,RL,w
64,7,10.0,2,RL,w
64,8,4.0,2,RL,w
64,9,10.0,2,RL,w
64,10,3.0,2,RL,w
64,11,10.0,3,RL,w
64,12,5.0,3,RL,w
64,13,10.0,3,RL,w
64,14,4.0,3,RL,w
64,15,5.0,3,RL,w
64,16,21.0,4,RL,w
64,17,26.0,4,RL,w
64,18,29.0,4,RL,w
64,19,22.0,4,RL,w
64,20,25.0,4,RL,w
65,1,4.0,1,RL,w
65,2,5.0,1,RL,w
65,3,4.0,1,RL,w
65,4,4.0,1,RL,w
65,5,6.0,1,RL,w
65,6,5.0,2,RL,w
65,7,10.0,2,RL,w
65,8,8.0,2,RL,w
65,9,11.0,2,RL,w
65,10,6.0,2,RL,w
65,11,6.0,3,RL,w
65,12,10.0,3,RL,w
65,13,6.0,3,RL,w
65,14,11.0,3,RL,w
65,15,8.0,3,RL,w
65,16,32.0,4,RL,w
65,17,54.0,4,RL,w
65,18,89.0,4,RL,w
65,19,72.0,4,RL,w
65,20,100.0,4,RL,w
66,1,11.0,1,RL,w
66,2,6.0,1,RL,w
66,3,7.0,1,RL,w
66,4,12.0,1,RL,w
66,5,10.0,1,RL,w
66,6,10.0,2,RL,w
66,7,6.0,2,RL,w
66,8,16.0,2,RL,w
66,9,5.0,2,RL,w
66,10,11.0,2,RL,w
66,11,20.0,3,RL,w
66,12,21.0,3,RL,w
66,13,14.0,3,RL,w
66,14,29.0,3,RL,w
66,15,19.0,3,RL,w
66,16,46.0,4,RL,w
66,17,27.0,4,RL,w
66,18,38.0,4,RL,w
66,19,24.0,4,RL,w
66,20,23.0,4,RL,w
67,1,100.0,1,RL,m
67,2,100.0,1,RL,m
67,3,100.0,1,RL,m
67,4,100.0,1,RL,m
67,5,100.0,1,RL,m
67,6,100.0,2,RL,m
67,7,100.0,2,RL,m
67,8,70.0,2,RL,m
67,9,100.0,2,RL,m
67,10,33.0,2,RL,m
67,11,82.0,4,RL,m
67,12,100.0,4,RL,m
67,13,100.0,4,RL,m
67,14,100.0,4,RL,m
67,15,100.0,4,RL,m
68,1,3.0,1,RL,w
68,2,3.0,1,RL,w
68,3,3.0,1,RL,w
68,4,2.0,1,RL,w
68,5,3.0,1,RL,w
68,6,8.0,2,RL,w
68,7,3.0,2,RL,w
68,8,4.0,2,RL,w
68,9,4.0,2,RL,w
68,10,4.0,2,RL,w
68,11,3.0,3,RL,w
68,12,3.0,3,RL,w
68,13,2.0,3,RL,w
68,14,5.0,3,RL,w
68,15,4.0,3,RL,w
68,16,8.0,4,RL,w
68,17,4.0,4,RL,w
68,18,1.0,4,RL,w
68,19,2.0,4,RL,w
68,20,2.0,4,RL,w
69,1,14.0,1,RL,w
69,2,17.0,1,RL,w
69,3,18.0,1,RL,w
69,4,18.0,1,RL,w
69,5,20.0,1,RL,w
69,6,32.0,2,RL,w
69,7,48.0,2,RL,w
69,8,21.0,2,RL,w
69,9,27.0,2,RL,w
69,10,83.0,2,RL,w
69,11,46.0,3,RL,w
69,12,62.0,3,RL,w
69,13,54.0,3,RL,w
69,14,12.0,3,RL,w
69,15,58.0,3,RL,w
69,16,15.0,4,RL,w
69,17,20.0,4,RL,w
69,18,57.0,4,RL,w
69,19,68.0,4,RL,w
69,20,67.0,4,RL,w
70,1,61.0,1,RL,m
70,2,83.0,1,RL,m
70,3,79.0,1,RL,m
70,4,100.0,1,RL,m
70,5,92.0,1,RL,m
70,6,43.0,2,RL,m
70,7,100.0,2,RL,m
70,8,62.0,2,RL,m
70,9,4.0,2,RL,m
70,10,6.0,2,RL,m
70,11,69.0,3,RL,m
70,12,10.0,3,RL,m
70,13,51.0,3,RL,m
70,14,10.0,3,RL,m
70,15,88.0,3,RL,m
70,16,19.0,4,RL,m
70,17,10.0,4,RL,m
70,18,25.0,4,RL,m
70,19,40.0,4,RL,m
70,20,51.0,4,RL,m
71,1,43.0,1,RL,m
71,2,16.0,1,RL,m
71,3,24.0,1,RL,m
71,4,16.0,1,RL,m
71,5,12.0,1,RL,m
71,6,73.0,2,RL,m
71,7,48.0,2,RL,m
71,8,40.0,2,RL,m
71,9,91.0,2,RL,m
71,10,86.0,2,RL,m
71,11,64.0,3,RL,m
71,12,83.0,3,RL,m
71,13,43.0,3,RL,m
71,14,42.0,3,RL,m
71,15,65.0,3,RL,m
71,16,74.0,4,RL,m
71,17,59.0,4,RL,m
71,18,92.0,4,RL,m
71,19,100.0,4,RL,m
71,20,87.0,4,RL,m
72,1,10.0,1,RL,w
72,2,14.0,1,RL,w
72,3,32.0,1,RL,w
72,4,10.0,1,RL,w
72,5,7.0,1,RL,w
72,6,17.0,2,RL,w
72,7,27.0,2,RL,w
72,8,34.0,2,RL,w
72,9,16.0,2,RL,w
72,10,24.0,2,RL,w
72,11,36.0,3,RL,w
72,12,22.0,3,RL,w
72,13,35.0,3,RL,w
72,14,73.0,3,RL,w
72,15,21.0,3,RL,w
72,16,77.0,4,RL,w
72,17,63.0,4,RL,w
72,18,16.0,4,RL,w
72,19,48.0,4,RL,w
72,20,30.0,4,RL,w
73,1,30.0,1,RL,m
73,2,77.0,1,RL,m
73,3,50.0,1,RL,m
73,4,100.0,1,RL,m
73,5,18.0,1,RL,m
73,6,46.0,3,RL,m
73,7,44.0,3,RL,m
73,8,50.0,3,RL,m
73,9,52.0,3,RL,m
73,10,70.0,3,RL,m
73,11,93.0,4,RL,m
73,12,92.0,4,RL,m
73,13,35.0,4,RL,m
73,14,96.0,4,RL,m
73,15,100.0,4,RL,m
74,1,42.0,1,RL,w
74,2,43.0,1,RL,w
74,3,21.0,1,RL,w
74,4,30.0,1,RL,w
74,5,48.0,1,RL,w
74,6,19.0,2,RL,w
74,7,16.0,2,RL,w
74,8,22.0,2,RL,w
74,9,41.0,2,RL,w
74,10,74.0,2,RL,w
74,11,71.0,3,RL,w
74,12,73.0,3,RL,w
74,13,73.0,3,RL,w
74,14,34.0,3,RL,w
74,15,43.0,3,RL,w
74,16,100.0,4,RL,w
74,17,100.0,4,RL,w
74,18,100.0,4,RL,w
74,19,97.0,4,RL,w
74,20,100.0,4,RL,w
75,1,10.0,2,RL,w
75,2,8.0,2,RL,w
75,3,8.0,2,RL,w
75,4,8.0,2,RL,w
75,5,5.0,2,RL,w
75,6,6.0,3,RL,w
75,7,5.0,3,RL,w
75,8,6.0,3,RL,w
75,9,8.0,3,RL,w
75,10,4.0,3,RL,w
75,11,9.0,4,RL,w
75,12,10.0,4,RL,w
75,13,6.0,4,RL,w
75,14,10.0,4,RL,w
75,15,12.0,4,RL,w
76,1,16.0,1,RL,w
76,2,21.0,1,RL,w
76,3,2.0,1,RL,w
76,4,17.0,1,RL,w
76,5,14.0,1,RL,w
76,6,30.0,2,RL,w
76,7,31.0,2,RL,w
76,8,14.0,2,RL,w
76,9,16.0,2,RL,w
76,10,20.0,2,RL,w
76,11,41.0,3,RL,w
76,12,66.0,3,RL,w
76,13,39.0,3,RL,w
76,14,34.0,3,RL,w
76,15,48.0,3,RL,w
76,16,46.0,4,RL,w
76,17,37.0,4,RL,w
76,18,100.0,4,RL,w
76,19,36.0,4,RL,w
76,20,53.0,4,RL,w
77,1,26.0,1,RL,w
77,2,35.0,1,RL,w
77,3,33.0,1,RL,w
77,4,47.0,1,RL,w
77,5,75.0,1,RL,w
77,6,12.0,2,RL,w
77,7,27.0,2,RL,w
77,8,10.0,2,RL,w
77,9,75.0,2,RL,w
77,10,48.0,2,RL,w
77,11,53.0,3,RL,w
77,12,100.0,3,RL,w
77,13,87.0,3,RL,w
77,14,100.0,3,RL,w
77,15,23.0,3,RL,w
77,16,39.0,4,RL,w
77,17,93.0,4,RL,w
77,18,54.0,4,RL,w
77,19,100.0,4,RL,w
77,20,91.0,4,RL,w
78,1,32.0,1,RL,m
78,2,100.0,1,RL,m
78,3,13.0,1,RL,m
78,4,24.0,1,RL,m
78,5,29.0,1,RL,m
78,6,38.0,2,RL,m
78,7,100.0,2,RL,m
78,8,100.0,2,RL,m
78,9,100.0,2,RL,m
78,10,100.0,2,RL,m
78,11,63.0,3,RL,m
78,12,86.0,3,RL,m
78,13,100.0,3,RL,m
78,14,100.0,3,RL,m
78,15,100.0,3,RL,m
78,16,100.0,4,RL,m
78,17,100.0,4,RL,m
78,18,100.0,4,RL,m
78,19,63.0,4,RL,m
78,20,100.0,4,RL,m
79,1,24.0,2,RL,m
79,2,30.0,2,RL,m
79,3,26.0,2,RL,m
79,4,3.0,2,RL,m
79,5,44.0,2,RL,m
79,6,66.0,3,RL,m
79,7,47.0,3,RL,m
79,8,65.0,3,RL,m
79,9,67.0,3,RL,m
79,10,10.0,3,RL,m
79,11,10.0,4,RL,m
79,12,53.0,4,RL,m
79,13,80.0,4,RL,m
79,14,20.0,4,RL,m
79,15,29.0,4,RL,m
80,1,2.0,1,RL,w
80,2,2.0,1,RL,w
80,3,3.0,1,RL,w
80,4,7.0,1,RL,w
80,5,2.0,1,RL,w
80,6,4.0,2,RL,w
80,7,3.0,2,RL,w
80,8,2.0,2,RL,w
80,9,3.0,2,RL,w
80,10,3.0,2,RL,w
80,11,4.0,3,RL,w
80,12,8.0,3,RL,w
80,13,6.0,3,RL,w
80,14,3.0,3,RL,w
80,15,5.0,3,RL,w
80,16,6.0,4,RL,w
80,17,7.0,4,RL,w
80,18,12.0,4,RL,w
80,19,6.0,4,RL,w
80,20,4.0,4,RL,w
81,1,32.0,1,RL,m
81,2,11.0,1,RL,m
81,3,26.0,1,RL,m
81,4,55.0,1,RL,m
81,5,23.0,1,RL,m
81,6,3.0,2,RL,m
81,7,72.0,2,RL,m
81,8,80.0,2,RL,m
81,9,83.0,2,RL,m
81,10,74.0,2,RL,m
81,11,91.0,3,RL,m
81,12,79.0,3,RL,m
81,13,18.0,3,RL,m
81,14,71.0,3,RL,m
81,15,59.0,3,RL,m
81,16,100.0,4,RL,m
81,17,100.0,4,RL,m
81,18,100.0,4,RL,m
81,19,100.0,4,RL,m
81,20,100.0,4,RL,m
82,1,5.0,1,RL,w
82,2,4.0,1,RL,w
82,3,6.0,1,RL,w
82,4,8.0,1,RL,w
82,5,8.0,1,RL,w
82,6,5.0,3,RL,w
82,7,3.0,3,RL,w
82,8,6.0,3,RL,w
82,9,10.0,3,RL,w
82,10,8.0,3,RL,w
82,11,9.0,4,RL,w
82,12,3.0,4,RL,w
82,13,12.0,4,RL,w
82,14,4.0,4,RL,w
82,15,6.0,4,RL,w
83,1,3.0,1,RL,w
83,2,5.0,1,RL,w
83,3,4.0,1,RL,w
83,4,3.0,1,RL,w
83,5,3.0,1,RL,w
83,6,5.0,2,RL,w
83,7,7.0,2,RL,w
83,8,7.0,2,RL,w
83,9,5.0,2,RL,w
83,10,5.0,2,RL,w
83,11,9.0,3,RL,w
83,12,7.0,3,RL,w
83,13,10.0,3,RL,w
83,14,8.0,3,RL,w
83,15,6.0,3,RL,w
83,16,4.0,4,RL,w
83,17,11.0,4,RL,w
83,18,3.0,4,RL,w
83,19,3.0,4,RL,w
83,20,14.0,4,RL,w
84,1,11.0,1,RL,m
84,2,14.0,1,RL,m
84,3,24.0,1,RL,m
84,4,19.0,1,RL,m
84,5,41.0,1,RL,m
84,6,6.0,2,RL,m
84,7,22.0,2,RL,m
84,8,18.0,2,RL,m
84,9,14.0,2,RL,m
84,10,41.0,2,RL,m
84,11,6.0,3,RL,m
84,12,23.0,3,RL,m
84,13,15.0,3,RL,m
84,14,10.0,3,RL,m
84,15,47.0,3,RL,m
84,16,19.0,4,RL,m
84,17,26.0,4,RL,m
84,18,12.0,4,RL,m
84,19,32.0,4,RL,m
84,20,18.0,4,RL,m
85,1,24.0,1,RL,m
85,2,19.0,1,RL,m
85,3,23.0,1,RL,m
85,4,17.0,1,RL,m
85,5,42.0,1,RL,m
86,1,8.0,1,RL,m
86,2,10.0,1,RL,m
86,3,6.0,1,RL,m
86,4,8.0,1,RL,m
86,5,24.0,1,RL,m
86,6,84.0,2,RL,m
86,7,91.0,2,RL,m
86,8,82.0,2,RL,m
86,9,23.0,2,RL,m
86,10,16.0,2,RL,m
86,11,85.0,3,RL,m
86,12,82.0,3,RL,m
86,13,90.0,3,RL,m
86,14,6.0,3,RL,m
86,15,78.0,3,RL,m
86,16,100.0,4,RL,m
86,17,100.0,4,RL,m
86,18,100.0,4,RL,m
86,19,100.0,4,RL,m
86,20,100.0,4,RL,m
87,1,3.0,1,RL,w
87,2,8.0,1,RL,w
87,3,6.0,1,RL,w
87,4,9.0,1,RL,w
87,5,5.0,1,RL,w
87,6,5.0,2,RL,w
87,7,9.0,2,RL,w
87,8,3.0,2,RL,w
87,9,7.0,2,RL,w
87,10,6.0,2,RL,w
87,11,6.0,3,RL,w
87,12,9.0,3,RL,w
87,13,10.0,3,RL,w
87,14,3.0,3,RL,w
87,15,5.0,3,RL,w
87,16,5.0,4,RL,w
87,17,7.0,4,RL,w
87,18,8.0,4,RL,w
87,19,3.0,4,RL,w
87,20,9.0,4,RL,w
88,1,5.0,1,RL,w
88,2,3.0,1,RL,w
88,3,6.0,1,RL,w
88,4,2.0,1,RL,w
88,5,7.0,1,RL,w
88,6,10.0,2,RL,w
88,7,17.0,2,RL,w
88,8,11.0,2,RL,w
88,9,4.0,2,RL,w
88,10,13.0,2,RL,w
88,11,20.0,3,RL,w
88,12,8.0,3,RL,w
88,13,7.0,3,RL,w
88,14,6.0,3,RL,w
88,15,8.0,3,RL,w
88,16,8.0,4,RL,w
88,17,15.0,4,RL,w
88,18,14.0,4,RL,w
88,19,9.0,4,RL,w
88,20,15.0,4,RL,w
89,1,30.0,1,RL,m
89,2,40.0,1,RL,m
89,3,15.0,1,RL,m
89,4,37.0,1,RL,m
89,5,78.0,1,RL,m
89,6,39.0,2,RL,m
89,7,59.0,2,RL,m
89,8,28.0,2,RL,m
89,9,36.0,2,RL,m
89,10,47.0,2,RL,m
89,11,20.0,3,RL,m
89,12,16.0,3,RL,m
89,13,100.0,3,RL,m
89,14,61.0,3,RL,m
89,15,10.0,3,RL,m
90,1,30.0,1,RL,w
90,2,80.0,1,RL,w
90,3,55.0,1,RL,w
90,4,49.0,1,RL,w
90,5,20.0,1,RL,w
90,6,48.0,2,RL,w
90,7,13.0,2,RL,w
90,8,30.0,2,RL,w
90,9,10.0,2,RL,w
90,10,51.0,2,RL,w
90,11,5.0,3,RL,w
90,12,55.0,3,RL,w
90,13,100.0,3,RL,w
90,14,18.0,3,RL,w
90,15,26.0,3,RL,w
91,1,17.0,1,RL,m
91,2,9.0,1,RL,m
91,3,42.0,1,RL,m
91,4,17.0,1,RL,m
91,5,31.0,1,RL,m
91,6,99.0,2,RL,m
91,7,45.0,2,RL,m
91,8,100.0,2,RL,m
91,9,61.0,2,RL,m
91,10,21.0,2,RL,m
91,11,70.0,3,RL,m
91,12,66.0,3,RL,m
91,13,100.0,3,RL,m
91,14,100.0,3,RL,m
91,15,100.0,3,RL,m
91,16,100.0,4,RL,m
91,17,100.0,4,RL,m
91,18,100.0,4,RL,m
91,19,100.0,4,RL,m
91,20,54.0,4,RL,m
92,1,8.0,1,RL,w
92,2,14.0,1,RL,w
92,3,11.0,1,RL,w
92,4,10.0,1,RL,w
92,5,17.0,1,RL,w
92,6,18.0,2,RL,w
92,7,18.0,2,RL,w
92,8,16.0,2,RL,w
92,9,20.0,2,RL,w
92,10,13.0,2,RL,w
92,11,11.0,3,RL,w
92,12,12.0,3,RL,w
92,13,16.0,3,RL,w
92,14,29.0,3,RL,w
92,15,15.0,3,RL,w
92,16,33.0,4,RL,w
92,17,35.0,4,RL,w
92,18,42.0,4,RL,w
92,19,27.0,4,RL,w
92,20,54.0,4,RL,w
93,1,2.0,1,RL,m
93,2,6.0,1,RL,m
93,3,10.0,1,RL,m
93,4,8.0,1,RL,m
93,5,8.0,1,RL,m
93,6,5.0,2,RL,m
93,7,7.0,2,RL,m
93,8,9.0,2,RL,m
93,9,10.0,2,RL,m
93,10,5.0,2,RL,m
93,11,5.0,3,RL,m
93,12,4.0,3,RL,m
93,13,7.0,3,RL,m
93,14,7.0,3,RL,m
93,15,12.0,3,RL,m
94,1,4.0,1,RL,w
94,2,4.0,1,RL,w
94,3,10.0,1,RL,w
94,4,4.0,1,RL,w
94,5,4.0,1,RL,w
94,6,5.0,2,RL,w
94,7,5.0,2,RL,w
94,8,4.0,2,RL,w
94,9,6.0,2,RL,w
94,10,7.0,2,RL,w
94,11,8.0,3,RL,w
94,12,6.0,3,RL,w
94,13,6.0,3,RL,w
94,14,6.0,3,RL,w
94,15,6.0,3,RL,w
94,16,7.0,4,RL,w
94,17,7.0,4,RL,w
94,18,16.0,4,RL,w
94,19,7.0,4,RL,w
94,20,7.0,4,RL,w
95,1,3.0,1,RL,w
95,2,5.0,1,RL,w
95,3,10.0,1,RL,w
95,4,9.0,1,RL,w
95,5,5.0,1,RL,w
95,6,7.0,2,RL,w
95,7,5.0,2,RL,w
95,8,4.0,2,RL,w
95,9,11.0,2,RL,w
95,10,2.0,2,RL,w
95,11,15.0,3,RL,w
95,12,16.0,3,RL,w
95,13,14.0,3,RL,w
95,14,9.0,3,RL,w
95,15,12.0,3,RL,w
95,16,11.0,4,RL,w
95,17,17.0,4,RL,w
95,18,18.0,4,RL,w
95,19,12.0,4,RL,w
95,20,12.0,4,RL,w
96,1,5.0,1,RL,m
96,2,23.0,1,RL,m
96,3,9.0,1,RL,m
96,4,22.0,1,RL,m
96,5,10.0,1,RL,m
96,6,24.0,3,RL,m
96,7,36.0,3,RL,m
96,8,8.0,3,RL,m
96,9,13.0,3,RL,m
96,10,16.0,3,RL,m
96,11,4.0,4,RL,m
96,12,44.0,4,RL,m
96,13,17.0,4,RL,m
96,14,8.0,4,RL,m
96,15,25.0,4,RL,m
97,1,15.0,1,RL,w
97,2,12.0,1,RL,w
97,3,19.0,1,RL,w
97,4,16.0,1,RL,w
97,5,8.0,1,RL,w
97,6,14.0,3,RL,w
97,7,20.0,3,RL,w
97,8,24.0,3,RL,w
97,9,26.0,3,RL,w
97,10,36.0,3,RL,w
97,11,16.0,4,RL,w
97,12,23.0,4,RL,w
97,13,25.0,4,RL,w
97,14,23.0,4,RL,w
97,15,15.0,4,RL,w
98,1,5.0,1,RL,w
98,2,17.0,1,RL,w
98,3,12.0,1,RL,w
98,4,27.0,1,RL,w
98,5,22.0,1,RL,w
98,6,11.0,2,RL,w
98,7,26.0,2,RL,w
98,8,12.0,2,RL,w
98,9,30.0,2,RL,w
98,10,14.0,2,RL,w
98,11,36.0,3,RL,w
98,12,20.0,3,RL,w
98,13,32.0,3,RL,w
98,14,42.0,3,RL,w
98,15,29.0,3,RL,w
98,16,43.0,4,RL,w
98,17,21.0,4,RL,w
98,18,26.0,4,RL,w
98,19,39.0,4,RL,w
98,20,41.0,4,RL,w
99,1,7.0,1,RL,m
99,2,55.0,1,RL,m
99,3,6.0,1,RL,m
99,4,10.0,1,RL,m
99,5,65.0,1,RL,m
99,6,47.0,2,RL,m
99,7,53.0,2,RL,m
99,8,63.0,2,RL,m
99,9,25.0,2,RL,m
99,10,22.0,2,RL,m
99,11,94.0,4,RL,m
99,12,32.0,4,RL,m
99,13,86.0,4,RL,m
99,14,100.0,4,RL,m
99,15,43.0,4,RL,m
100,1,10.0,2,RL,w
100,2,15.0,2,RL,w
100,3,14.0,2,RL,w
100,4,21.0,2,RL,w
100,5,30.0,2,RL,w
100,6,14.0,3,RL,w
100,7,18.0,3,RL,w
100,8,10.0,3,RL,w
100,9,20.0,3,RL,w
100,10,25.0,3,RL,w
101,1,14.0,1,RL,m
101,2,4.0,1,RL,m
101,3,7.0,1,RL,m
101,4,6.0,1,RL,m
101,5,11.0,1,RL,m
101,6,8.0,2,RL,m
101,7,4.0,2,RL,m
101,8,5.0,2,RL,m
101,9,19.0,2,RL,m
101,10,6.0,2,RL,m
101,11,32.0,3,RL,m
101,12,15.0,3,RL,m
101,13,71.0,3,RL,m
101,14,12.0,3,RL,m
101,15,37.0,3,RL,m
101,16,39.0,4,RL,m
101,17,31.0,4,RL,m
101,18,36.0,4,RL,m
101,19,35.0,4,RL,m
101,20,17.0,4,RL,m
102,1,34.0,1,RL,w
102,2,5.0,1,RL,w
102,3,5.0,1,RL,w
102,4,13.0,1,RL,w
102,5,14.0,1,RL,w
102,6,27.0,3,RL,w
102,7,23.0,3,RL,w
102,8,56.0,3,RL,w
102,9,57.0,3,RL,w
102,10,11.0,3,RL,w
102,11,19.0,4,RL,w
102,12,17.0,4,RL,w
102,13,18.0,4,RL,w
102,14,43.0,4,RL,w
102,15,52.0,4,RL,w
103,1,3.0,1,RL,m
103,2,6.0,1,RL,m
103,3,5.0,1,RL,m
103,4,4.0,1,RL,m
103,5,5.0,1,RL,m
103,6,5.0,2,RL,m
103,7,16.0,2,RL,m
103,8,7.0,2,RL,m
103,9,7.0,2,RL,m
103,10,4.0,2,RL,m
103,11,8.0,3,RL,m
103,12,18.0,3,RL,m
103,13,3.0,3,RL,m
103,14,8.0,3,RL,m
103,15,8.0,3,RL,m
103,16,12.0,4,RL,m
103,17,6.0,4,RL,m
103,18,14.0,4,RL,m
103,19,10.0,4,RL,m
103,20,9.0,4,RL,m
104,1,44.0,1,RL,m
104,2,100.0,1,RL,m
104,3,100.0,1,RL,m
104,4,100.0,1,RL,m
104,5,89.0,1,RL,m
104,6,100.0,2,RL,m
104,7,100.0,2,RL,m
104,8,100.0,2,RL,m
104,9,100.0,2,RL,m
104,10,100.0,2,RL,m
104,11,100.0,3,RL,m
104,12,100.0,3,RL,m
104,13,100.0,3,RL,m
104,14,100.0,3,RL,m
104,15,100.0,3,RL,m
104,16,100.0,4,RL,m
104,17,100.0,4,RL,m
104,18,100.0,4,RL,m
104,19,100.0,4,RL,m
104,20,100.0,4,RL,m
105,1,8.0,1,RL,m
105,2,6.0,1,RL,m
105,3,9.0,1,RL,m
105,4,5.0,1,RL,m
105,5,15.0,1,RL,m
105,6,19.0,2,RL,m
105,7,12.0,2,RL,m
105,8,10.0,2,RL,m
105,9,10.0,2,RL,m
105,10,12.0,2,RL,m
105,11,10.0,3,RL,m
105,12,10.0,3,RL,m
105,13,15.0,3,RL,m
105,14,20.0,3,RL,m
105,15,17.0,3,RL,m
105,16,20.0,4,RL,m
105,17,18.0,4,RL,m
105,18,13.0,4,RL,m
105,19,30.0,4,RL,m
105,20,24.0,4,RL,m
106,1,4.0,1,RL,w
106,2,5.0,1,RL,w
106,3,8.0,1,RL,w
106,4,9.0,1,RL,w
106,5,13.0,1,RL,w
106,6,25.0,2,RL,w
106,7,20.0,2,RL,w
106,8,7.0,2,RL,w
106,9,10.0,2,RL,w
106,10,20.0,2,RL,w
107,1,6.0,1,RL,m
107,2,7.0,1,RL,m
107,3,2.0,1,RL,m
107,4,5.0,1,RL,m
107,5,6.0,1,RL,m
107,6,3.0,2,RL,m
107,7,3.0,2,RL,m
107,8,4.0,2,RL,m
107,9,5.0,2,RL,m
107,10,6.0,2,RL,m
107,11,2.0,3,RL,m
107,12,9.0,3,RL,m
107,13,11.0,3,RL,m
107,14,5.0,3,RL,m
107,15,5.0,3,RL,m
107,16,5.0,4,RL,m
107,17,15.0,4,RL,m
107,18,6.0,4,RL,m
107,19,9.0,4,RL,m
107,20,5.0,4,RL,m
108,1,2.0,1,RL,m
108,2,6.0,1,RL,m
108,3,4.0,1,RL,m
108,4,2.0,1,RL,m
108,5,8.0,1,RL,m
108,6,4.0,2,RL,m
108,7,4.0,2,RL,m
108,8,2.0,2,RL,m
108,9,2.0,2,RL,m
108,10,7.0,2,RL,m
108,11,14.0,3,RL,m
108,12,10.0,3,RL,m
108,13,4.0,3,RL,m
108,14,3.0,3,RL,m
108,15,9.0,3,RL,m
108,16,8.0,4,RL,m
108,17,6.0,4,RL,m
108,18,3.0,4,RL,m
108,19,13.0,4,RL,m
108,20,14.0,4,RL,m
109,1,4.0,1,RL,w
109,2,6.0,1,RL,w
109,3,5.0,1,RL,w
109,4,3.0,1,RL,w
109,5,16.0,1,RL,w
109,6,15.0,2,RL,w
109,7,14.0,2,RL,w
109,8,20.0,2,RL,w
109,9,12.0,2,RL,w
109,10,29.0,2,RL,w
109,11,8.0,3,RL,w
109,12,17.0,3,RL,w
109,13,20.0,3,RL,w
109,14,32.0,3,RL,w
109,15,18.0,3,RL,w
109,16,20.0,4,RL,w
109,17,25.0,4,RL,w
109,18,17.0,4,RL,w
109,19,19.0,4,RL,w
109,20,18.0,4,RL,w
110,1,20.0,1,RL,m
110,2,36.0,1,RL,m
110,3,21.0,1,RL,m
110,4,54.0,1,RL,m
110,5,24.0,1,RL,m
110,6,43.0,2,RL,m
110,7,40.0,2,RL,m
110,8,18.0,2,RL,m
110,9,20.0,2,RL,m
110,10,58.0,2,RL,m
110,11,78.0,3,RL,m
110,12,51.0,3,RL,m
110,13,76.0,3,RL,m
110,14,18.0,3,RL,m
110,15,41.0,3,RL,m
110,16,72.0,4,RL,m
110,17,42.0,4,RL,m
110,18,72.0,4,RL,m
110,19,42.0,4,RL,m
110,20,43.0,4,RL,m
111,1,10.0,1,RL,m
111,2,28.0,1,RL,m
111,3,11.0,1,RL,m
111,4,9.0,1,RL,m
111,5,9.0,1,RL,m
111,6,19.0,2,RL,m
111,7,2.0,2,RL,m
111,8,44.0,2,RL,m
111,9,25.0,2,RL,m
111,10,38.0,2,RL,m
111,11,34.0,3,RL,m
111,12,21.0,3,RL,m
111,13,38.0,3,RL,m
111,14,40.0,3,RL,m
111,15,35.0,3,RL,m
111,16,50.0,4,RL,m
111,17,55.0,4,RL,m
111,18,47.0,4,RL,m
111,19,10.0,4,RL,m
111,20,11.0,4,RL,m
112,1,32.0,1,RL,m
112,2,27.0,1,RL,m
112,3,7.0,1,RL,m
112,4,32.0,1,RL,m
112,5,8.0,1,RL,m
112,6,32.0,2,RL,m
112,7,100.0,2,RL,m
112,8,30.0,2,RL,m
112,9,12.0,2,RL,m
112,10,12.0,2,RL,m
112,11,64.0,3,RL,m
112,12,38.0,3,RL,m
112,13,44.0,3,RL,m
112,14,77.0,3,RL,m
112,15,83.0,3,RL,m
112,16,100.0,4,RL,m
112,17,15.0,4,RL,m
112,18,30.0,4,RL,m
112,19,100.0,4,RL,m
112,20,92.0,4,RL,m
113,1,38.0,1,RL,m
113,2,100.0,1,RL,m
113,3,67.0,1,RL,m
113,4,40.0,1,RL,m
113,5,100.0,1,RL,m
113,6,100.0,2,RL,m
113,7,63.0,2,RL,m
113,8,72.0,2,RL,m
113,9,100.0,2,RL,m
113,10,80.0,2,RL,m
113,11,100.0,3,RL,m
113,12,100.0,3,RL,m
113,13,100.0,3,RL,m
113,14,100.0,3,RL,m
113,15,100.0,3,RL,m
113,16,100.0,4,RL,m
113,17,100.0,4,RL,m
113,18,100.0,4,RL,m
113,19,100.0,4,RL,m
113,20,100.0,4,RL,m
114,1,3.0,1,RL,m
114,2,5.0,1,RL,m
114,3,4.0,1,RL,m
114,4,3.0,1,RL,m
114,5,2.0,1,RL,m
114,6,6.0,2,RL,m
114,7,7.0,2,RL,m
114,8,8.0,2,RL,m
114,9,10.0,2,RL,m
114,10,4.0,2,RL,m
114,11,15.0,3,RL,m
114,12,12.0,3,RL,m
114,13,19.0,3,RL,m
114,14,9.0,3,RL,m
114,15,5.0,3,RL,m
114,16,16.0,4,RL,m
114,17,13.0,4,RL,m
114,18,19.0,4,RL,m
114,19,25.0,4,RL,m
114,20,22.0,4,RL,m
115,1,100.0,1,RL,m
115,2,31.0,1,RL,m
115,3,100.0,1,RL,m
115,4,61.0,1,RL,m
115,5,100.0,1,RL,m
115,6,100.0,2,RL,m
115,7,14.0,2,RL,m
115,8,100.0,2,RL,m
115,9,100.0,2,RL,m
115,10,100.0,2,RL,m
115,11,100.0,3,RL,m
115,12,100.0,3,RL,m
115,13,100.0,3,RL,m
115,14,100.0,3,RL,m
115,15,100.0,3,RL,m
115,16,100.0,4,RL,m
115,17,100.0,4,RL,m
115,18,100.0,4,RL,m
115,19,100.0,4,RL,m
115,20,100.0,4,RL,m
116,1,8.0,1,RL,m
116,2,7.0,1,RL,m
116,3,8.0,1,RL,m
116,4,4.0,1,RL,m
116,5,10.0,1,RL,m
116,6,5.0,2,RL,m
116,7,18.0,2,RL,m
116,8,12.0,2,RL,m
116,9,15.0,2,RL,m
116,10,4.0,2,RL,m
116,11,9.0,3,RL,m
116,12,9.0,3,RL,m
116,13,16.0,3,RL,m
116,14,13.0,3,RL,m
116,15,23.0,3,RL,m
116,16,19.0,4,RL,m
116,17,9.0,4,RL,m
116,18,14.0,4,RL,m
116,19,19.0,4,RL,m
116,20,10.0,4,RL,m
117,1,1.0,1,RL,m
117,2,2.0,1,RL,m
117,3,1.0,1,RL,m
117,4,2.0,1,RL,m
117,5,1.0,1,RL,m
117,6,2.0,2,RL,m
117,7,1.0,2,RL,m
117,8,3.0,2,RL,m
117,9,1.0,2,RL,m
117,10,4.0,2,RL,m
117,11,4.0,3,RL,m
117,12,2.0,3,RL,m
117,13,4.0,3,RL,m
117,14,3.0,3,RL,m
117,15,4.0,3,RL,m
117,16,3.0,4,RL,m
117,17,4.0,4,RL,m
117,18,3.0,4,RL,m
117,19,13.0,4,RL,m
117,20,6.0,4,RL,m
118,1,17.0,1,RL,m
118,2,3.0,1,RL,m
118,3,16.0,1,RL,m
118,4,27.0,1,RL,m
118,5,16.0,1,RL,m
118,6,11.0,2,RL,m
118,7,9.0,2,RL,m
118,8,9.0,2,RL,m
118,9,20.0,2,RL,m
118,10,27.0,2,RL,m
118,11,20.0,3,RL,m
118,12,34.0,3,RL,m
118,13,8.0,3,RL,m
118,14,7.0,3,RL,m
118,15,17.0,3,RL,m
118,16,11.0,4,RL,m
118,17,8.0,4,RL,m
118,18,11.0,4,RL,m
118,19,25.0,4,RL,m
118,20,26.0,4,RL,m
119,1,5.0,1,RL,m
119,2,6.0,1,RL,m
119,3,1.0,1,RL,m
119,4,2.0,1,RL,m
119,5,7.0,1,RL,m
119,6,13.0,2,RL,m
119,7,15.0,2,RL,m
119,8,8.0,2,RL,m
119,9,6.0,2,RL,m
119,10,6.0,2,RL,m
119,11,24.0,3,RL,m
119,12,8.0,3,RL,m
119,13,4.0,3,RL,m
119,14,3.0,3,RL,m
119,15,4.0,3,RL,m
119,16,11.0,4,RL,m
119,17,15.0,4,RL,m
119,18,2.0,4,RL,m
119,19,23.0,4,RL,m
119,20,7.0,4,RL,m
120,1,14.0,1,RL,m
120,2,15.0,1,RL,m
120,3,8.0,1,RL,m
120,4,15.0,1,RL,m
120,5,10.0,1,RL,m
120,6,15.0,2,RL,m
120,7,18.0,2,RL,m
120,8,3.0,2,RL,m
120,9,35.0,2,RL,m
120,10,14.0,2,RL,m
120,11,19.0,3,RL,m
120,12,18.0,3,RL,m
120,13,18.0,3,RL,m
120,14,19.0,3,RL,m
120,15,10.0,3,RL,m
120,16,30.0,4,RL,m
120,17,19.0,4,RL,m
120,18,18.0,4,RL,m
120,19,19.0,4,RL,m
120,20,17.0,4,RL,m
121,1,11.0,1,RL,w
121,2,11.0,1,RL,w
121,3,8.0,1,RL,w
121,4,9.0,1,RL,w
121,5,5.0,1,RL,w
121,6,5.0,2,RL,w
121,7,11.0,2,RL,w
121,8,18.0,2,RL,w
121,9,7.0,2,RL,w
121,10,13.0,2,RL,w
121,11,14.0,3,RL,w
121,12,12.0,3,RL,w
121,13,10.0,3,RL,w
121,14,14.0,3,RL,w
121,15,14.0,3,RL,w
121,16,18.0,4,RL,w
121,17,15.0,4,RL,w
121,18,15.0,4,RL,w
121,19,16.0,4,RL,w
121,20,17.0,4,RL,w
122,1,2.0,1,RL,w
122,2,9.0,1,RL,w
122,3,8.0,1,RL,w
122,4,1.0,1,RL,w
122,5,11.0,1,RL,w
122,6,4.0,2,RL,w
122,7,7.0,2,RL,w
122,8,5.0,2,RL,w
122,9,9.0,2,RL,w
122,10,14.0,2,RL,w
122,11,7.0,3,RL,w
122,12,14.0,3,RL,w
122,13,14.0,3,RL,w
122,14,21.0,3,RL,w
122,15,18.0,3,RL,w
122,16,12.0,4,RL,w
122,17,17.0,4,RL,w
122,18,19.0,4,RL,w
122,19,10.0,4,RL,w
122,20,18.0,4,RL,w
1,1,1.0,1,VR,w
1,2,1.0,1,VR,w
1,3,1.0,1,VR,w
1,4,2.0,1,VR,w
1,5,1.0,2,VR,w
1,6,1.0,2,VR,w
1,7,1.0,2,VR,w
1,8,1.0,2,VR,w
1,9,1.0,2,VR,w
1,10,1.0,3,VR,w
1,11,2.0,3,VR,w
1,12,1.0,3,VR,w
1,13,1.0,3,VR,w
1,14,1.0,3,VR,w
1,15,1.0,4,VR,w
1,16,1.0,4,VR,w
2,1,1.0,1,VR,w
2,2,1.0,1,VR,w
2,3,2.0,1,VR,w
2,4,1.0,2,VR,w
2,5,1.0,2,VR,w
2,6,1.0,2,VR,w
2,7,1.0,2,VR,w
2,8,1.0,2,VR,w
2,9,1.0,3,VR,w
2,10,1.0,3,VR,w
2,11,1.0,3,VR,w
2,12,1.0,3,VR,w
2,13,2.0,3,VR,w
2,14,3.0,4,VR,w
2,15,1.0,4,VR,w
2,16,1.0,4,VR,w
2,17,2.0,4,VR,w
2,18,1.0,4,VR,w
3,1,1.0,1,VR,w
3,2,1.0,1,VR,w
3,3,1.0,1,VR,w
3,4,1.0,1,VR,w
3,5,1.0,1,VR,w
3,6,1.0,2,VR,w
3,7,1.0,2,VR,w
3,8,1.0,2,VR,w
4,1,1.0,1,VR,w
4,2,1.0,1,VR,w
4,3,1.0,1,VR,w
4,4,3.0,1,VR,w
4,5,1.0,1,VR,w
4,6,1.0,2,VR,w
4,7,1.0,2,VR,w
4,8,2.0,2,VR,w
4,9,1.0,2,VR,w
4,10,1.0,2,VR,w
4,11,2.0,3,VR,w
4,12,1.0,3,VR,w
4,13,1.0,3,VR,w
4,14,2.0,3,VR,w
4,15,1.0,3,VR,w
4,16,1.0,4,VR,w
4,17,1.0,4,VR,w
4,18,1.0,4,VR,w
4,19,1.0,4,VR,w
4,20,1.0,4,VR,w
5,1,1.0,1,VR,w
5,2,2.0,1,VR,w
5,3,2.0,1,VR,w
5,4,2.0,1,VR,w
5,5,1.0,1,VR,w
5,6,1.0,2,VR,w
5,7,1.0,2,VR,w
5,8,1.0,2,VR,w
5,9,2.0,2,VR,w
5,10,1.0,2,VR,w
6,1,1.0,1,VR,m
6,2,1.0,1,VR,m
6,3,1.0,1,VR,m
6,4,1.0,1,VR,m
6,5,1.0,1,VR,m
6,6,1.0,2,VR,m
6,7,1.0,2,VR,m
6,8,1.0,2,VR,m
6,9,2.0,2,VR,m
6,10,1.0,2,VR,m
6,11,1.0,3,VR,m
6,12,1.0,3,VR,m
6,13,1.0,3,VR,m
6,14,2.0,3,VR,m
6,15,1.0,3,VR,m
6,16,1.0,4,VR,m
6,17,1.0,4,VR,m
6,18,1.0,4,VR,m
7,1,2.0,1,VR,w
7,2,1.0,1,VR,w
7,3,1.0,2,VR,w
7,4,1.0,2,VR,w
7,5,1.0,2,VR,w
7,6,1.0,2,VR,w
7,7,1.0,2,VR,w
7,8,1.0,4,VR,w
7,9,1.0,4,VR,w
7,10,1.0,4,VR,w
8,1,1.0,1,VR,m
8,2,1.0,1,VR,m
8,3,1.0,1,VR,m
8,4,1.0,1,VR,m
8,5,1.0,1,VR,m
8,6,1.0,2,VR,m
8,7,2.0,2,VR,m
8,8,1.0,3,VR,m
8,9,1.0,3,VR,m
8,10,2.0,3,VR,m
8,11,1.0,3,VR,m
8,12,2.0,3,VR,m
8,13,1.0,4,VR,m
8,14,2.0,4,VR,m
8,15,2.0,4,VR,m
8,16,1.0,4,VR,m
8,17,1.0,4,VR,m
9,1,1.0,1,VR,w
9,2,2.0,1,VR,w
9,3,1.0,1,VR,w
9,4,1.0,1,VR,w
9,5,1.0,1,VR,w
9,6,1.0,2,VR,w
9,7,1.0,2,VR,w
9,8,1.0,2,VR,w
9,9,1.0,2,VR,w
9,10,1.0,2,VR,w
9,11,1.0,3,VR,w
9,12,2.0,3,VR,w
9,13,1.0,3,VR,w
9,14,1.0,3,VR,w
9,15,1.0,3,VR,w
9,16,2.0,4,VR,w
9,17,1.0,4,VR,w
9,18,1.0,4,VR,w
9,19,1.0,4,VR,w
9,20,1.0,4,VR,w
10,1,1.0,1,VR,w
10,2,1.0,2,VR,w
10,3,1.0,2,VR,w
10,4,2.0,2,VR,w
10,5,1.0,3,VR,w
11,1,1.0,2,VR,m
11,2,1.0,2,VR,m
11,3,1.0,2,VR,m
11,4,1.0,2,VR,m
11,5,2.0,3,VR,m
11,6,1.0,3,VR,m
11,7,1.0,3,VR,m
11,8,1.0,3,VR,m
11,9,4.0,3,VR,m
11,10,1.0,4,VR,m
11,11,1.0,4,VR,m
11,12,1.0,4,VR,m
11,13,1.0,4,VR,m
11,14,1.0,4,VR,m
12,1,1.0,1,VR,m
12,2,1.0,1,VR,m
12,3,1.0,1,VR,m
12,4,3.0,1,VR,m
12,5,1.0,1,VR,m
12,6,1.0,2,VR,m
12,7,2.0,2,VR,m
12,8,1.0,2,VR,m
12,9,1.0,2,VR,m
12,10,3.0,2,VR,m
12,11,1.0,3,VR,m
12,12,1.0,3,VR,m
12,13,3.0,3,VR,m
12,14,1.0,3,VR,m
12,15,1.0,3,VR,m
12,16,1.0,4,VR,m
12,17,2.0,4,VR,m
12,18,1.0,4,VR,m
12,19,2.0,4,VR,m
12,20,2.0,4,VR,m
13,1,1.0,1,VR,m
13,2,1.0,1,VR,m
13,3,2.0,1,VR,m
13,4,1.0,1,VR,m
13,5,2.0,1,VR,m
13,6,2.0,2,VR,m
13,7,2.0,2,VR,m
13,8,2.0,2,VR,m
13,9,2.0,2,VR,m
13,10,2.0,2,VR,m
13,11,1.0,3,VR,m
13,12,1.0,3,VR,m
13,13,1.0,3,VR,m
13,14,1.0,3,VR,m
13,15,1.0,3,VR,m
13,16,1.0,4,VR,m
13,17,2.0,4,VR,m
13,18,1.0,4,VR,m
13,19,1.0,4,VR,m
13,20,3.0,4,VR,m
14,1,1.0,2,VR,m
14,2,1.0,2,VR,m
14,3,1.0,2,VR,m
14,4,1.0,2,VR,m
14,5,1.0,2,VR,m
14,6,1.0,3,VR,m
14,7,2.0,4,VR,m
14,8,1.0,4,VR,m
14,9,1.0,4,VR,m
14,10,5.0,4,VR,m
14,11,1.0,4,VR,m
16,1,2.0,1,VR,m
16,2,1.0,1,VR,m
16,3,1.0,1,VR,m
16,4,1.0,1,VR,m
16,5,1.0,1,VR,m
16,6,1.0,2,VR,m
16,7,2.0,2,VR,m
16,8,1.0,2,VR,m
16,9,1.0,2,VR,m
16,10,1.0,2,VR,m
16,11,1.0,3,VR,m
16,12,1.0,3,VR,m
16,13,1.0,3,VR,m
16,14,1.0,3,VR,m
16,15,1.0,3,VR,m
16,16,1.0,4,VR,m
17,1,1.0,2,VR,m
17,2,1.0,2,VR,m
17,3,1.0,2,VR,m
17,4,1.0,2,VR,m
17,5,1.0,3,VR,m
17,6,1.0,3,VR,m
17,7,2.0,3,VR,m
17,8,3.0,3,VR,m
17,9,1.0,3,VR,m
17,10,1.0,4,VR,m
17,11,1.0,4,VR,m
17,12,3.0,4,VR,m
17,13,1.0,4,VR,m
17,14,1.0,4,VR,m
18,1,1.0,1,VR,w
18,2,0.0,2,VR,w
18,3,0.0,3,VR,w
18,4,2.0,4,VR,w
18,5,1.0,4,VR,w
19,1,1.0,2,VR,m
19,2,1.0,2,VR,m
19,3,1.0,2,VR,m
19,4,2.0,2,VR,m
19,5,1.0,2,VR,m
19,6,1.0,4,VR,m
19,7,2.0,4,VR,m
19,8,3.0,4,VR,m
19,9,1.0,4,VR,m
19,10,2.0,4,VR,m
20,1,1.0,1,VR,m
20,2,2.0,2,VR,m
20,3,1.0,2,VR,m
20,4,1.0,3,VR,m
20,5,2.0,3,VR,m
20,6,1.0,3,VR,m
20,7,1.0,3,VR,m
20,8,1.0,3,VR,m
20,9,1.0,4,VR,m
20,10,1.0,4,VR,m
21,1,1.0,1,VR,w
21,2,2.0,1,VR,w
21,3,1.0,1,VR,w
21,4,1.0,1,VR,w
21,5,1.0,1,VR,w
21,6,1.0,2,VR,w
21,7,1.0,2,VR,w
21,8,1.0,2,VR,w
21,9,2.0,2,VR,w
21,10,1.0,2,VR,w
21,11,1.0,3,VR,w
21,12,1.0,4,VR,w
21,13,1.0,4,VR,w
21,14,1.0,4,VR,w
21,15,1.0,4,VR,w
21,16,1.0,4,VR,w
22,1,1.0,2,VR,w
22,2,1.0,2,VR,w
22,3,1.0,2,VR,w
22,4,1.0,2,VR,w
22,5,1.0,2,VR,w
22,6,1.0,3,VR,w
22,7,1.0,3,VR,w
22,8,1.0,3,VR,w
22,9,1.0,3,VR,w
22,10,1.0,3,VR,w
22,11,3.0,4,VR,w
22,12,1.0,4,VR,w
22,13,6.0,4,VR,w
22,14,1.0,4,VR,w
22,15,1.0,4,VR,w
23,1,1.0,1,VR,m
23,2,1.0,1,VR,m
23,3,1.0,1,VR,m
23,4,2.0,1,VR,m
23,5,1.0,1,VR,m
23,6,1.0,2,VR,m
23,7,1.0,2,VR,m
23,8,2.0,2,VR,m
23,9,1.0,2,VR,m
23,10,1.0,2,VR,m
23,11,1.0,3,VR,m
23,12,1.0,3,VR,m
23,13,1.0,3,VR,m
23,14,1.0,3,VR,m
23,15,1.0,3,VR,m
23,16,1.0,4,VR,m
23,17,1.0,4,VR,m
23,18,1.0,4,VR,m
23,19,2.0,4,VR,m
23,20,2.0,4,VR,m
24,1,1.0,1,VR,w
24,2,1.0,1,VR,w
24,3,1.0,1,VR,w
24,4,1.0,1,VR,w
24,5,2.0,1,VR,w
24,6,2.0,2,VR,w
24,7,1.0,2,VR,w
24,8,1.0,2,VR,w
24,9,1.0,2,VR,w
24,10,2.0,2,VR,w
24,11,1.0,3,VR,w
24,12,1.0,3,VR,w
24,13,1.0,3,VR,w
24,14,1.0,3,VR,w
24,15,2.0,3,VR,w
24,16,2.0,4,VR,w
24,17,1.0,4,VR,w
24,18,1.0,4,VR,w
24,19,1.0,4,VR,w
24,20,1.0,4,VR,w
25,1,1.0,1,VR,w
25,2,1.0,1,VR,w
25,3,1.0,1,VR,w
25,4,1.0,1,VR,w
25,5,1.0,1,VR,w
26,1,1.0,1,VR,w
26,2,2.0,2,VR,w
26,3,1.0,2,VR,w
26,4,1.0,2,VR,w
26,5,2.0,2,VR,w
26,6,1.0,2,VR,w
26,7,2.0,3,VR,w
26,8,2.0,3,VR,w
26,9,2.0,3,VR,w
26,10,1.0,3,VR,w
26,11,1.0,3,VR,w
26,12,1.0,4,VR,w
26,13,1.0,4,VR,w
26,14,1.0,4,VR,w
26,15,1.0,4,VR,w
26,16,1.0,4,VR,w
27,1,1.0,1,VR,w
27,2,1.0,2,VR,w
27,3,1.0,2,VR,w
27,4,2.0,2,VR,w
27,5,2.0,2,VR,w
27,6,1.0,2,VR,w
27,7,1.0,3,VR,w
27,8,2.0,3,VR,w
27,9,1.0,3,VR,w
27,10,1.0,3,VR,w
27,11,1.0,4,VR,w
27,12,1.0,4,VR,w
27,13,1.0,4,VR,w
27,14,1.0,4,VR,w
27,15,1.0,4,VR,w
28,1,1.0,1,VR,m
28,2,2.0,1,VR,m
28,3,1.0,1,VR,m
28,4,1.0,1,VR,m
28,5,1.0,1,VR,m
28,6,1.0,2,VR,m
28,7,1.0,2,VR,m
28,8,1.0,2,VR,m
28,9,1.0,2,VR,m
28,10,3.0,2,VR,m
28,11,1.0,3,VR,m
28,12,1.0,3,VR,m
28,13,1.0,3,VR,m
28,14,2.0,3,VR,m
28,15,1.0,3,VR,m
28,16,2.0,4,VR,m
28,17,1.0,4,VR,m
28,18,1.0,4,VR,m
28,19,3.0,4,VR,m
28,20,1.0,4,VR,m
29,1,1.0,2,VR,w
29,2,1.0,3,VR,w
29,3,1.0,4,VR,w
29,4,2.0,4,VR,w
29,5,1.0,4,VR,w
29,6,1.0,4,VR,w
30,1,1.0,1,VR,m
30,2,1.0,1,VR,m
30,3,1.0,1,VR,m
30,4,1.0,4,VR,m
30,5,1.0,4,VR,m
31,1,1.0,1,VR,m
31,2,1.0,1,VR,m
31,3,1.0,1,VR,m
31,4,2.0,1,VR,m
31,5,3.0,1,VR,m
31,6,1.0,2,VR,m
31,7,1.0,2,VR,m
31,8,1.0,2,VR,m
31,9,1.0,2,VR,m
31,10,1.0,2,VR,m
31,11,1.0,3,VR,m
31,12,1.0,3,VR,m
31,13,1.0,3,VR,m
31,14,1.0,3,VR,m
31,15,1.0,3,VR,m
31,16,1.0,4,VR,m
31,17,1.0,4,VR,m
31,18,1.0,4,VR,m
31,19,8.0,4,VR,m
31,20,1.0,4,VR,m
32,1,1.0,1,VR,m
32,2,2.0,1,VR,m
32,3,2.0,1,VR,m
32,4,1.0,1,VR,m
32,5,1.0,1,VR,m
32,6,1.0,2,VR,m
32,7,1.0,2,VR,m
32,8,1.0,2,VR,m
32,9,1.0,2,VR,m
32,10,1.0,2,VR,m
32,11,4.0,3,VR,m
32,12,1.0,3,VR,m
32,13,1.0,3,VR,m
32,14,1.0,3,VR,m
32,15,1.0,3,VR,m
33,1,1.0,1,VR,m
33,2,1.0,1,VR,m
33,3,1.0,1,VR,m
33,4,1.0,1,VR,m
33,5,2.0,1,VR,m
33,6,1.0,2,VR,m
33,7,1.0,2,VR,m
33,8,1.0,2,VR,m
33,9,1.0,2,VR,m
33,10,1.0,2,VR,m
33,11,2.0,3,VR,m
33,12,1.0,3,VR,m
33,13,1.0,3,VR,m
33,14,1.0,3,VR,m
33,15,1.0,3,VR,m
33,16,2.0,4,VR,m
33,17,4.0,4,VR,m
33,18,3.0,4,VR,m
33,19,2.0,4,VR,m
33,20,1.0,4,VR,m
34,1,1.0,4,VR,w
34,2,1.0,4,VR,w
34,3,1.0,4,VR,w
34,4,1.0,4,VR,w
34,5,1.0,4,VR,w
35,1,1.0,2,VR,m
35,2,1.0,2,VR,m
35,3,1.0,2,VR,m
35,4,3.0,2,VR,m
35,5,1.0,2,VR,m
35,6,1.0,3,VR,m
35,7,1.0,3,VR,m
35,8,1.0,3,VR,m
35,9,4.0,3,VR,m
35,10,1.0,3,VR,m
35,11,1.0,4,VR,m
35,12,1.0,4,VR,m
35,13,1.0,4,VR,m
35,14,2.0,4,VR,m
35,15,1.0,4,VR,m
36,1,1.0,1,VR,m
36,2,2.0,1,VR,m
36,3,1.0,1,VR,m
36,4,1.0,1,VR,m
36,5,1.0,1,VR,m
36,6,1.0,2,VR,m
36,7,1.0,2,VR,m
36,8,1.0,2,VR,m
36,9,1.0,2,VR,m
36,10,1.0,2,VR,m
36,11,1.0,3,VR,m
36,12,1.0,3,VR,m
36,13,1.0,3,VR,m
36,14,1.0,3,VR,m
36,15,1.0,3,VR,m
36,16,3.0,4,VR,m
36,17,2.0,4,VR,m
36,18,1.0,4,VR,m
36,19,2.0,4,VR,m
36,20,1.0,4,VR,m
37,1,1.0,1,VR,m
37,2,1.0,1,VR,m
37,3,1.0,1,VR,m
37,4,1.0,1,VR,m
37,5,1.0,1,VR,m
37,6,1.0,2,VR,m
37,7,1.0,2,VR,m
37,8,2.0,2,VR,m
37,9,1.0,2,VR,m
37,10,1.0,2,VR,m
37,11,1.0,3,VR,m
37,12,1.0,3,VR,m
37,13,1.0,3,VR,m
37,14,1.0,3,VR,m
37,15,2.0,3,VR,m
37,16,1.0,4,VR,m
37,17,1.0,4,VR,m
37,18,2.0,4,VR,m
37,19,3.0,4,VR,m
37,20,1.0,4,VR,m
38,1,2.0,1,VR,m
38,2,1.0,1,VR,m
38,3,1.0,1,VR,m
38,4,1.0,1,VR,m
38,5,2.0,1,VR,m
38,6,2.0,2,VR,m
38,7,2.0,2,VR,m
38,8,1.0,2,VR,m
38,9,1.0,2,VR,m
38,10,1.0,2,VR,m
38,11,1.0,4,VR,m
38,12,2.0,4,VR,m
38,13,1.0,4,VR,m
38,14,2.0,4,VR,m
38,15,1.0,4,VR,m
39,1,1.0,2,VR,m
39,2,1.0,2,VR,m
39,3,1.0,2,VR,m
39,4,1.0,2,VR,m
39,5,1.0,2,VR,m
39,6,2.0,3,VR,m
39,7,1.0,3,VR,m
39,8,1.0,4,VR,m
39,9,1.0,4,VR,m
39,10,1.0,4,VR,m
39,11,1.0,4,VR,m
39,12,2.0,4,VR,m
40,1,1.0,2,VR,m
40,2,1.0,2,VR,m
40,3,1.0,2,VR,m
40,4,1.0,2,VR,m
40,5,1.0,2,VR,m
40,6,1.0,3,VR,m
40,7,1.0,3,VR,m
40,8,1.0,3,VR,m
40,9,1.0,3,VR,m
40,10,1.0,3,VR,m
40,11,1.0,4,VR,m
40,12,1.0,4,VR,m
40,13,1.0,4,VR,m
40,14,3.0,4,VR,m
40,15,1.0,4,VR,m
41,1,2.0,1,VR,w
41,2,2.0,1,VR,w
41,3,1.0,1,VR,w
41,4,1.0,1,VR,w
41,5,1.0,1,VR,w
41,6,1.0,2,VR,w
41,7,2.0,2,VR,w
41,8,1.0,2,VR,w
41,9,4.0,2,VR,w
41,10,1.0,2,VR,w
41,11,1.0,3,VR,w
41,12,2.0,3,VR,w
41,13,2.0,3,VR,w
41,14,2.0,4,VR,w
41,15,1.0,4,VR,w
41,16,1.0,4,VR,w
41,17,2.0,4,VR,w
41,18,2.0,4,VR,w
42,1,1.0,1,VR,m
42,2,1.0,1,VR,m
42,3,1.0,1,VR,m
42,4,1.0,1,VR,m
42,5,1.0,1,VR,m
42,6,1.0,3,VR,m
42,7,1.0,3,VR,m
42,8,1.0,3,VR,m
42,9,1.0,3,VR,m
42,10,2.0,3,VR,m
42,11,1.0,4,VR,m
42,12,1.0,4,VR,m
42,13,1.0,4,VR,m
42,14,1.0,4,VR,m
42,15,1.0,4,VR,m
43,1,1.0,2,VR,m
43,2,1.0,2,VR,m
43,3,1.0,2,VR,m
43,4,2.0,2,VR,m
43,5,2.0,2,VR,m
43,6,2.0,3,VR,m
43,7,2.0,3,VR,m
43,8,2.0,3,VR,m
43,9,3.0,3,VR,m
43,10,2.0,3,VR,m
43,11,1.0,4,VR,m
43,12,2.0,4,VR,m
43,13,1.0,4,VR,m
43,14,1.0,4,VR,m
43,15,1.0,4,VR,m
44,1,1.0,1,VR,m
44,2,1.0,1,VR,m
44,3,1.0,1,VR,m
44,4,1.0,1,VR,m
44,5,1.0,1,VR,m
44,6,1.0,2,VR,m
44,7,1.0,2,VR,m
44,8,1.0,2,VR,m
44,9,1.0,2,VR,m
44,10,1.0,2,VR,m
44,11,1.0,3,VR,m
44,12,1.0,3,VR,m
44,13,1.0,3,VR,m
44,14,1.0,3,VR,m
44,15,1.0,3,VR,m
44,16,1.0,4,VR,m
44,17,2.0,4,VR,m
44,18,1.0,4,VR,m
44,19,3.0,4,VR,m
44,20,1.0,4,VR,m
45,1,1.0,1,VR,w
45,2,0.0,2,VR,w
45,3,2.0,3,VR,w
45,4,1.0,3,VR,w
45,5,1.0,3,VR,w
45,6,1.0,3,VR,w
45,7,1.0,3,VR,w
45,8,1.0,4,VR,w
45,9,1.0,4,VR,w
45,10,1.0,4,VR,w
45,11,1.0,4,VR,w
46,1,1.0,1,VR,m
46,2,2.0,1,VR,m
46,3,2.0,1,VR,m
46,4,1.0,1,VR,m
46,5,1.0,1,VR,m
46,6,1.0,2,VR,m
46,7,1.0,2,VR,m
46,8,2.0,2,VR,m
46,9,3.0,2,VR,m
46,10,1.0,2,VR,m
46,11,2.0,3,VR,m
46,12,2.0,3,VR,m
46,13,1.0,3,VR,m
46,14,1.0,3,VR,m
46,15,1.0,3,VR,m
47,1,2.0,1,VR,m
47,2,2.0,1,VR,m
47,3,2.0,1,VR,m
47,4,1.0,1,VR,m
47,5,1.0,1,VR,m
47,6,2.0,2,VR,m
47,7,2.0,2,VR,m
47,8,2.0,2,VR,m
47,9,4.0,2,VR,m
47,10,5.0,2,VR,m
47,11,1.0,3,VR,m
47,12,1.0,3,VR,m
47,13,1.0,3,VR,m
47,14,5.0,3,VR,m
47,15,2.0,3,VR,m
48,1,1.0,1,VR,w
48,2,1.0,1,VR,w
48,3,1.0,2,VR,w
48,4,1.0,2,VR,w
48,5,1.0,3,VR,w
48,6,1.0,3,VR,w
48,7,2.0,4,VR,w
48,8,1.0,4,VR,w
48,9,1.0,4,VR,w
48,10,2.0,4,VR,w
48,11,1.0,4,VR,w
49,1,2.0,1,VR,m
49,2,1.0,1,VR,m
49,3,1.0,1,VR,m
49,4,1.0,1,VR,m
49,5,1.0,1,VR,m
49,6,1.0,2,VR,m
49,7,1.0,2,VR,m
49,8,1.0,2,VR,m
49,9,1.0,2,VR,m
49,10,2.0,2,VR,m
49,11,1.0,3,VR,m
49,12,1.0,3,VR,m
49,13,1.0,3,VR,m
49,14,1.0,3,VR,m
50,1,1.0,1,VR,m
50,2,1.0,1,VR,m
50,3,1.0,1,VR,m
50,4,1.0,1,VR,m
50,5,2.0,1,VR,m
50,6,1.0,2,VR,m
50,7,1.0,2,VR,m
50,8,2.0,2,VR,m
50,9,1.0,2,VR,m
50,10,1.0,2,VR,m
50,11,1.0,3,VR,m
50,12,1.0,3,VR,m
50,13,1.0,3,VR,m
50,14,1.0,3,VR,m
50,15,2.0,3,VR,m
51,1,1.0,1,VR,w
51,2,1.0,1,VR,w
51,3,1.0,1,VR,w
51,4,1.0,1,VR,w
51,5,1.0,1,VR,w
51,6,2.0,2,VR,w
51,7,2.0,2,VR,w
51,8,2.0,2,VR,w
51,9,2.0,2,VR,w
51,10,5.0,2,VR,w
51,11,2.0,3,VR,w
51,12,3.0,3,VR,w
51,13,4.0,3,VR,w
51,14,2.0,3,VR,w
51,15,2.0,3,VR,w
51,16,3.0,4,VR,w
51,17,1.0,4,VR,w
51,18,1.0,4,VR,w
51,19,3.0,4,VR,w
51,20,3.0,4,VR,w
52,1,1.0,3,VR,w
52,2,1.0,3,VR,w
52,3,1.0,3,VR,w
52,4,1.0,3,VR,w
52,5,3.0,3,VR,w
52,6,1.0,4,VR,w
52,7,1.0,4,VR,w
52,8,1.0,4,VR,w
52,9,2.0,4,VR,w
52,10,2.0,4,VR,w
53,1,0.0,1,VR,m
53,2,1.0,2,VR,m
53,3,1.0,2,VR,m
53,4,1.0,2,VR,m
53,5,1.0,2,VR,m
53,6,1.0,3,VR,m
53,7,1.0,3,VR,m
53,8,1.0,3,VR,m
53,9,1.0,4,VR,m
53,10,1.0,4,VR,m
53,11,1.0,4,VR,m
53,12,1.0,4,VR,m
54,1,1.0,2,VR,m
54,2,1.0,2,VR,m
54,3,1.0,2,VR,m
54,4,1.0,2,VR,m
54,5,2.0,2,VR,m
54,6,1.0,3,VR,m
54,7,1.0,3,VR,m
54,8,1.0,3,VR,m
54,9,4.0,3,VR,m
54,10,1.0,3,VR,m
54,11,1.0,4,VR,m
54,12,3.0,4,VR,m
54,13,4.0,4,VR,m
54,14,3.0,4,VR,m
54,15,2.0,4,VR,m
55,1,2.0,1,VR,w
55,2,3.0,1,VR,w
55,3,1.0,1,VR,w
55,4,2.0,1,VR,w
55,5,1.0,1,VR,w
55,6,1.0,2,VR,w
55,7,1.0,2,VR,w
55,8,1.0,2,VR,w
55,9,1.0,2,VR,w
55,10,1.0,2,VR,w
55,11,1.0,3,VR,w
55,12,1.0,3,VR,w
55,13,2.0,3,VR,w
55,14,2.0,3,VR,w
55,15,1.0,3,VR,w
55,16,1.0,4,VR,w
55,17,1.0,4,VR,w
55,18,2.0,4,VR,w
55,19,1.0,4,VR,w
55,20,2.0,4,VR,w
56,1,1.0,1,VR,w
56,2,1.0,1,VR,w
56,3,1.0,2,VR,w
56,4,1.0,2,VR,w
56,5,2.0,2,VR,w
56,6,1.0,2,VR,w
56,7,1.0,2,VR,w
56,8,2.0,3,VR,w
56,9,1.0,3,VR,w
56,10,2.0,3,VR,w
56,11,1.0,3,VR,w
56,12,2.0,3,VR,w
57,1,1.0,1,VR,m
57,2,1.0,1,VR,m
57,3,1.0,1,VR,m
57,4,1.0,1,VR,m
57,5,1.0,1,VR,m
57,6,2.0,2,VR,m
57,7,1.0,2,VR,m
57,8,2.0,2,VR,m
57,9,1.0,2,VR,m
57,10,1.0,2,VR,m
57,11,1.0,3,VR,m
57,12,1.0,3,VR,m
57,13,1.0,3,VR,m
57,14,1.0,3,VR,m
57,15,2.0,3,VR,m
57,16,1.0,4,VR,m
57,17,1.0,4,VR,m
57,18,1.0,4,VR,m
57,19,1.0,4,VR,m
57,20,1.0,4,VR,m
58,1,1.0,1,VR,w
58,2,1.0,1,VR,w
58,3,1.0,1,VR,w
58,4,1.0,1,VR,w
58,5,1.0,1,VR,w
58,6,1.0,2,VR,w
58,7,2.0,2,VR,w
58,8,2.0,2,VR,w
58,9,1.0,2,VR,w
58,10,1.0,2,VR,w
59,1,1.0,1,VR,m
59,2,1.0,1,VR,m
59,3,1.0,1,VR,m
59,4,1.0,1,VR,m
59,5,2.0,1,VR,m
59,6,1.0,2,VR,m
59,7,1.0,2,VR,m
59,8,1.0,2,VR,m
59,9,1.0,2,VR,m
59,10,2.0,2,VR,m
59,11,2.0,4,VR,m
59,12,1.0,4,VR,m
59,13,1.0,4,VR,m
59,14,1.0,4,VR,m
60,1,1.0,1,VR,m
60,2,1.0,1,VR,m
60,3,1.0,1,VR,m
60,4,2.0,1,VR,m
60,5,1.0,1,VR,m
60,6,3.0,2,VR,m
60,7,1.0,2,VR,m
60,8,2.0,2,VR,m
60,9,2.0,2,VR,m
60,10,1.0,2,VR,m
60,11,1.0,3,VR,m
60,12,1.0,3,VR,m
60,13,1.0,3,VR,m
60,14,2.0,3,VR,m
60,15,2.0,3,VR,m
60,16,1.0,4,VR,m
60,17,2.0,4,VR,m
60,18,1.0,4,VR,m
60,19,2.0,4,VR,m
